t_ns,x,y,yaw,n_matched,inlier_frac,rmse_m,quality
1784885672380167516,2.4274457505601927,0.09096609691439739,0.08379809693384108,222,1.0,0.00574,good
1784885672500172318,2.4284552375509283,0.08768534084673868,0.07599811922337646,224,1.0,0.00988,good
1784885672620172047,2.428212863514548,0.08782519998028927,0.07699156776082854,223,1.0,0.00915,good
1784885672740191291,2.4262468514537243,0.09039849250552458,0.07359557765357368,223,1.0,0.00839,good
1784885672851623901,2.4272622088234983,0.09135383345918593,0.07759654794279645,221,1.0,0.00619,good
1784885672970152094,2.428842621992299,0.0910932837628805,0.08143404909518012,224,1.0,0.00742,good
1784885673090153620,2.4287763792204395,0.0908688522751522,0.08063556381857932,220,1.0,0.00929,good
1784885673210169929,2.4304627314865366,0.09038454419215161,0.07499778080390278,224,0.9955,0.00866,good
1784885673320165246,2.431489751893925,0.09133577150213064,0.07813299892861053,221,1.0,0.01051,good
1784885673440200867,2.4316493571182596,0.09057887496714234,0.07586299668486328,215,0.9953,0.01055,good
1784885673560174719,2.430596348905264,0.0896072932496645,0.07369803313024942,216,1.0,0.00984,good
1784885673680190010,2.431555273156772,0.09048553912822085,0.0771504757949235,225,1.0,0.01208,good
1784885673790157479,2.4333077224520627,0.08922686391974227,0.08602106447134442,219,1.0,0.00867,good
1784885673910209820,2.4322650515266226,0.09013018061468113,0.084680459743505,220,1.0,0.00615,good
1784885674030156107,2.4315674663104816,0.08560139767506235,0.07714109508981734,224,1.0,0.00927,good
1784885674150221936,2.4311272782084012,0.08654707231880922,0.07672409944952158,222,1.0,0.01061,good
1784885674270156782,2.4314076283406614,0.08603543125333218,0.0804878123785177,223,1.0,0.00714,good
1784885674390585708,2.43032512814225,0.08776999579900112,0.0797026284451559,222,1.0,0.00942,good
1784885674500155072,2.4295309533813287,0.09015915554692862,0.08018647019102325,226,1.0,0.01029,good
1784885674620174999,2.4293781519455195,0.091986532187157,0.08041914836478645,212,1.0,0.00863,good
1784885674740148896,2.4281307065680213,0.09281596942454205,0.07887300821322567,223,1.0,0.0082,good
1784885674850173103,2.4267050864837088,0.09289000382652664,0.08349447250506725,227,0.9956,0.009,good
1784885674970168034,2.4249491328733184,0.091031723663079,0.08417079588328882,218,1.0,0.00655,good
1784885675090151707,2.4259880638671536,0.08910510734706927,0.07577686621050611,216,1.0,0.00957,good
1784885675210198508,2.427149609489407,0.09035231721885215,0.080096454067184,228,0.9956,0.0065,good
1784885675330153619,2.42730320228821,0.0901590220636548,0.08527649628700851,229,1.0,0.00945,good
1784885675450134003,2.427683463710309,0.08803721287496852,0.07559204101690241,231,0.9957,0.00848,good
1784885675560170065,2.4270002076708033,0.08744986816753558,0.073896833862947,222,1.0,0.01005,good
1784885675680247566,2.4254122631205917,0.08734683956406132,0.07414345103218233,227,0.9956,0.01058,good
1784885675800216859,2.4261309659979164,0.08712515392919556,0.07371720030940804,216,0.9954,0.01083,good
1784885675920163656,2.426601298588368,0.08757318026077804,0.06945642444001279,213,1.0,0.01185,good
1784885676030216943,2.4261582089661053,0.08808916617020354,0.06988634195844179,225,1.0,0.00878,good
1784885676150219423,2.426472338623672,0.08959059612564689,0.07914493660717618,224,1.0,0.00949,good
1784885676270152228,2.4281509416628833,0.08722426599668909,0.07602728467993475,218,1.0,0.0134,good
1784885676390157800,2.437682397795559,0.08886634741960583,0.06715024230027032,230,1.0,0.0114,good
1784885676500148262,2.4550409146572663,0.09361077154428384,0.06887294678423841,223,0.9955,0.01072,good
1784885676620185570,2.4761040083344152,0.09476422048327868,0.07013812411838839,219,1.0,0.01334,good
1784885676740176460,2.496143760066954,0.09621074957532184,0.07215110276120482,219,1.0,0.01109,good
1784885676850199713,2.5181486702533253,0.09772165628449457,0.07576900294819053,217,0.9954,0.01315,good
1784885676970146868,2.537192040725469,0.10331480344989412,0.0794278936228691,219,0.9909,0.00973,good
1784885677090170362,2.560850842190396,0.10412752160265926,0.07896968199207682,224,0.9955,0.0088,good
1784885677210177513,2.5842408757370663,0.10599348091986531,0.08055660566758109,217,1.0,0.01072,good
1784885677320191679,2.601856482432136,0.10866961690249852,0.07972858523332271,219,1.0,0.00862,good
1784885677440197979,2.626874241475426,0.11010072481574831,0.07720776698600304,219,0.9954,0.00948,good
1784885677560151804,2.648733319663615,0.11099471351779834,0.08114806120417183,220,1.0,0.00838,good
1784885677680159789,2.675275442571309,0.11395763772826484,0.08467220920894429,219,1.0,0.00935,good
1784885677790155235,2.6976402952431258,0.11576731080686922,0.08426383415363067,223,1.0,0.00991,good
1784885677910161091,2.7199040638079675,0.11535361357135684,0.0826759914400778,222,1.0,0.01094,good
1784885678030171284,2.742026772841631,0.11986515458734236,0.08056688722987394,215,0.9953,0.00977,good
1784885678140144773,2.7598579124366878,0.11951038402101852,0.07926063475601455,219,1.0,0.01579,good
1784885678260162501,2.7857532522860975,0.12132267703580618,0.08719725664374676,232,1.0,0.01209,good
1784885678380171287,2.808791233717404,0.12414860745214623,0.08206803103289952,225,1.0,0.00649,good
1784885678500152762,2.8273083086311788,0.1236234937460351,0.07874746592175143,225,1.0,0.00943,good
1784885678610169726,2.852538842961335,0.1283477311498401,0.08349068784947773,220,1.0,0.00692,good
1784885678730172401,2.8743861311866183,0.12989074812798973,0.08061242839142894,230,1.0,0.00998,good
1784885678850212756,2.897161038008678,0.12934822880889585,0.08811890522463665,225,1.0,0.01023,good
1784885678970211895,2.9238002355453565,0.13265413737297055,0.09215774074795115,224,1.0,0.00949,good
1784885679090156891,2.9481550374678407,0.13569179712068422,0.0927615721059424,227,1.0,0.00913,good
1784885679210158274,2.974662006749295,0.13807808887109838,0.08936558849491907,222,0.9955,0.00735,good
1784885679320161483,2.996179463835978,0.14062340579310587,0.09232235349934428,222,1.0,0.00657,good
1784885679440145239,3.0184549348403045,0.14163843011075328,0.08426810897117878,221,1.0,0.00702,good
1784885679560311266,3.0450610651354024,0.1453841401660142,0.08611245384126212,213,1.0,0.00757,good
1784885679670150535,3.0629494785712534,0.14739765288119933,0.08712420672860129,210,0.9952,0.0127,good
1784885679800149203,3.0859466695242435,0.1530656683496628,0.09447931143493213,219,0.9954,0.01408,good
1784885679910147968,3.107378204911457,0.15290802633182776,0.09554931870301002,226,1.0,0.00582,good
1784885680030154300,3.1304964008785223,0.15527446790181554,0.09817821144751368,223,0.9955,0.00805,good
1784885680150181276,3.154628424988128,0.15838312492659673,0.09495346258700993,217,0.9954,0.00831,good
1784885680270147408,3.1777904571942406,0.16062027923065214,0.09750005326814881,227,1.0,0.00727,good
1784885680380166005,3.200181719765515,0.1654070909376485,0.09627316745574699,229,1.0,0.01079,good
1784885680500158133,3.2247754195925142,0.17133730241854989,0.09559181551557844,224,1.0,0.01372,good
1784885680620156613,3.249588129510696,0.1719122467772657,0.09125963733879026,221,1.0,0.00995,good
1784885680740147889,3.2737012052129857,0.17383798278763649,0.09690747227035314,231,0.9957,0.00662,good
1784885680860206434,3.2960712271476096,0.17526566935405954,0.09692612008066927,229,1.0,0.00793,good
1784885680970170447,3.316290959310289,0.17777477050066037,0.09515764238203252,222,1.0,0.01,good
1784885681090164831,3.340653009816099,0.17995255162009285,0.09689936009629208,217,1.0,0.00889,good
1784885681210157869,3.3641096386807403,0.18230021923583983,0.09708530735489858,225,1.0,0.00828,good
1784885681330157665,3.387814277710884,0.1832681920712647,0.0967028188629628,218,1.0,0.00616,good
1784885681440156062,3.4089394962521746,0.18572838807947123,0.09541053383730552,221,1.0,0.00769,good
1784885681560225794,3.4334936740904247,0.18950299722306388,0.09416400286442643,224,1.0,0.0111,good
1784885681680159192,3.455630169857646,0.19190576709072982,0.10020503056445104,227,1.0,0.00863,good
1784885681800148953,3.480603292194238,0.19417950339991338,0.09943370457042518,230,1.0,0.01182,good
1784885681910159885,3.504116337812589,0.1959145923354087,0.0996514318264586,225,1.0,0.00717,good
1784885682030177332,3.529617164046857,0.19825367929197757,0.10048424343382449,224,1.0,0.00902,good
1784885682150159170,3.5504506973818146,0.20108828671705092,0.10672605924414641,224,1.0,0.00662,good
1784885682270158191,3.5728098198983442,0.20701006431359956,0.1028013609745778,216,1.0,0.01012,good
1784885682390160545,3.5954193113668707,0.21012104788630756,0.1076064387066949,220,1.0,0.01089,good
1784885682510212929,3.6164094897618195,0.21177040310853276,0.10225072310787231,218,1.0,0.00744,good
1784885682620155667,3.6396600648851747,0.21329845678520779,0.10320546918330067,215,1.0,0.00702,good
1784885682750192399,3.663230223190932,0.21570371873120836,0.10773516814529255,222,1.0,0.00787,good
1784885682860154930,3.685180866224766,0.2176711605383824,0.11230768606956577,217,1.0,0.0063,good
1784885682980172208,3.7087458890405003,0.220433464629991,0.11795925645500248,214,0.9953,0.01029,good
1784885683100152618,3.732156850981713,0.22200060367731644,0.1118926324262611,223,0.9955,0.00694,good
1784885683220154658,3.758264654222718,0.22447615938704812,0.09572950194801003,217,1.0,0.00648,good
1784885683340208617,3.781936342616878,0.22797309549670047,0.06964209240417708,219,1.0,0.00781,good
1784885683460209194,3.8044269847503527,0.22998058106782263,0.046320226251850775,218,1.0,0.01035,good
1784885683580180776,3.8261774346338733,0.23132241940835943,0.020640273740632705,221,1.0,0.00842,good
1784885683700161708,3.8514618917012227,0.23057155196351953,0.004739982536469,217,0.9954,0.0093,good
1784885683820234016,3.8779430373579284,0.22946687144740588,-0.015194022447877136,222,1.0,0.0082,good
1784885683930154053,3.900601272377708,0.2271771681204108,-0.035527126561059705,220,1.0,0.00802,good
1784885684060226107,3.928465943578927,0.22368936667761055,-0.05919973596214331,223,1.0,0.00924,good
1784885684170175232,3.948570275179023,0.22485100138302688,-0.08454995619815123,220,0.9909,0.00552,good
1784885684300150959,3.9724253901877455,0.21913160734971882,-0.09933912869784749,226,1.0,0.01017,good
1784885684410157131,3.995717295128595,0.2174668167522091,-0.10093797597781357,208,0.9952,0.00671,good
1784885684540151356,4.019316925932035,0.21543239578713194,-0.09974993064456171,222,1.0,0.00611,good
1784885684650159047,4.040745329048391,0.21194554211161584,-0.10753285170210836,211,0.9953,0.00914,good
1784885684770157070,4.0622130987672005,0.21278878851466917,-0.09704619639573568,209,1.0,0.00824,good
1784885684890164387,4.083700934761306,0.21266145058971164,-0.08808995004516262,214,1.0,0.01076,good
1784885685010227625,4.107857714538238,0.21059835453706807,-0.06704858765269502,213,1.0,0.00848,good
1784885685130154639,4.129112936828238,0.21102439627168312,-0.04819092476565818,211,0.9953,0.01196,good
1784885685250193637,4.155595388870622,0.20952928200253715,-0.014882487771853033,212,1.0,0.01118,good
1784885685370148592,4.178651484771722,0.21040628512787166,-0.016015033916519563,202,0.9901,0.00628,good
1784885685490145856,4.2019498263203525,0.21125124866301792,-0.01700080325350877,216,1.0,0.00857,good
1784885685610171005,4.220659404307353,0.2102805721500822,-0.02231900399758773,218,1.0,0.00872,good
1784885685730148086,4.247027116389189,0.20985024190583623,-0.022039610915518724,212,1.0,0.00742,good
1784885685850188455,4.2704887283639,0.20876767713356362,-0.023641767211712607,220,1.0,0.00555,good
1784885685970211363,4.29095326160646,0.21014501285954937,-0.03104187433900401,218,0.9954,0.00579,good
1784885686090148297,4.315912884211021,0.21207355524948068,-0.03441745990936681,215,1.0,0.01093,good
1784885686210162631,4.3371226506539475,0.21034117020891224,-0.024226310316547622,217,1.0,0.00586,good
1784885686330164024,4.364672920436288,0.21065430898376478,-0.013695552967000275,212,0.9953,0.00761,good
1784885686460270698,4.391335455515189,0.2093714526331956,-0.0032549381393190743,211,1.0,0.00531,good
1784885686570168030,4.409990663302074,0.20843134065655264,-0.006096608513545754,218,0.9954,0.00911,good
1784885686700149907,4.436566683046155,0.20890273123075323,-0.004763107343291425,220,1.0,0.00673,good
1784885686810164316,4.456277853679921,0.20980393092260963,-0.007916445438330755,210,1.0,0.00735,good
1784885686940129417,4.483331684679595,0.21008137380554248,-0.005656334971254569,216,1.0,0.00536,good
1784885687050172532,4.507473903712781,0.2112526129875269,-0.01252476121034894,214,1.0,0.00859,good
1784885687180161797,4.530862910470142,0.21301751202439104,-0.016945817777169976,211,0.9905,0.00717,good
1784885687300148172,4.553551476520605,0.2162107061180754,-0.01980226168719421,217,1.0,0.01012,good
1784885687420184281,4.573755490619707,0.2181969163463242,-0.00928240964988597,210,1.0,0.00864,good
1784885687540185542,4.598465679334674,0.21731142860626523,0.018234973330802085,215,0.9953,0.0095,good
1784885687660174713,4.621407357213967,0.21597894125118697,0.04873288387482192,218,0.9954,0.01015,good
1784885687780194194,4.643710677655111,0.21429362032802915,0.07344022281854792,216,1.0,0.00793,good
1784885687900258540,4.668608664816041,0.21686081201758872,0.08589881167808645,218,1.0,0.01013,good
1784885688020156410,4.691266825319548,0.21761248060014338,0.09433073394450198,208,0.9952,0.00889,good
1784885688140205442,4.718211915363965,0.2222301831428574,0.10168322896284455,212,1.0,0.00613,good
1784885688260154412,4.742065418532487,0.22496024059761482,0.10178869061969978,211,0.9905,0.00657,good
1784885688390281751,4.767140206031302,0.22878254448751006,0.09974239160214443,219,1.0,0.01012,good
1784885688500160876,4.7931101953283965,0.23172008681584094,0.10338481006597837,218,1.0,0.00821,good
1784885688630151400,4.8171722305815745,0.23319590798495102,0.10348194321894723,224,0.9955,0.00524,good
1784885688740170117,4.841289463236373,0.23576941324157766,0.09828290452622408,223,0.9955,0.00747,good
1784885688870141773,4.867954553561016,0.23767070679853552,0.09434589438155727,212,1.0,0.00656,good
1784885688990240557,4.893447846563932,0.23937312434107136,0.088852447081638,223,0.9955,0.0098,good
1784885689110175359,4.914939833358257,0.24120152067112055,0.0787254591827173,228,1.0,0.00768,good
1784885689230209038,4.9401787409271405,0.24054048928322014,0.06832714586845848,227,1.0,0.00656,good
1784885689350158636,4.9651420279697005,0.24103288107915577,0.059497587877952895,222,1.0,0.00668,good
1784885689470151618,4.986636500829221,0.2447446587943106,0.04061192898523709,225,1.0,0.00744,good
1784885689580151482,5.007689943437039,0.2487250663522498,0.023225074515227255,226,0.9956,0.00857,good
1784885689710166687,5.035387532582119,0.2473958498394242,0.01903350734664097,226,0.9956,0.00787,good
1784885689830152632,5.0565758952044595,0.24681096664761545,0.01892512927012705,237,1.0,0.00839,good
1784885689950195217,5.080718830619736,0.2484840238246916,0.017886195946573077,229,1.0,0.00603,good
1784885690070162785,5.1023277618754745,0.2496436587165631,0.016629718485076286,234,1.0,0.00946,good
1784885690190170335,5.126137863218169,0.2501413063721237,0.015883472434912643,225,1.0,0.00776,good
1784885690310182219,5.151244576961378,0.25232532799321844,0.012737675001900232,230,1.0,0.01299,good
1784885690430178585,5.175223081163917,0.25284529404652034,0.00985602266803474,228,1.0,0.01316,good
1784885690550205856,5.199986038379865,0.2522678951550694,0.017079960798379326,227,1.0,0.00894,good
1784885690670158580,5.219605002845658,0.25281051752200423,0.009136584004273807,238,1.0,0.00932,good
1784885690790185961,5.244335771429425,0.25376170330277203,0.008489513223320066,238,0.9958,0.0078,good
1784885690910167441,5.26834235919276,0.2547438559489831,0.007801122386225091,238,1.0,0.0048,good
1784885691040140877,5.2949484656041195,0.2540091244811986,0.015942982262328327,240,1.0,0.00832,good
1784885691150161879,5.319834125406923,0.2559773135976812,0.023169942118351407,237,1.0,0.00913,good
1784885691280193189,5.34582717517629,0.25643783469379544,0.027185852758580584,238,1.0,0.00589,good
1784885691400160168,5.367103318058078,0.2556773610778563,0.02461430433614925,244,0.9918,0.00731,good
1784885691520156476,5.392070329204965,0.256881600399963,0.025632524673498993,248,1.0,0.00563,good
1784885691640186798,5.417510163465,0.25785912788209564,0.024238156359709218,241,1.0,0.00778,good
1784885691761118479,5.441237066900557,0.25801921612450524,0.0280237504320674,241,0.9959,0.00442,good
1784885691880160750,5.462673520849164,0.2588503263124661,0.021503017856091593,244,1.0,0.00808,good
1784885692010188710,5.487853596823981,0.2611948843707507,0.021315390840626988,238,1.0,0.00908,good
1784885692130148575,5.511292767196468,0.26256441032056876,0.025777344560302586,244,1.0,0.00626,good
1784885692250298044,5.534842756473032,0.2640871015293177,0.018873136216552483,246,1.0,0.00692,good
1784885692370184493,5.55929908604509,0.26350991133107743,0.02083665166580295,239,1.0,0.009,good
1784885692490154709,5.58243382326828,0.26425288051261353,0.023334473874383956,242,1.0,0.00613,good
1784885692610233113,5.603827085864586,0.2663711081466873,0.015661073030231835,244,1.0,0.00917,good
1784885692740240184,5.630741009902374,0.26581881702682997,0.015764012186512494,246,1.0,0.00658,good
1784885692860171127,5.65514820773456,0.2653541110767735,0.014412608560616892,243,1.0,0.00536,good
1784885692980165709,5.6764891060128235,0.26537090840960287,0.01471196727499556,246,1.0,0.00817,good
1784885693100153415,5.701662757006064,0.2671769527123555,0.012641899553447146,245,1.0,0.00705,good
1784885693220169732,5.726299517924406,0.26871067852469255,0.010833127313540272,240,0.9958,0.00922,good
1784885693340201435,5.750392929010049,0.269181638842323,0.017505818915509556,237,1.0,0.00699,good
1784885693460159555,5.773218358060447,0.26863266616241005,0.017643970483817415,237,1.0,0.00855,good
1784885693580158411,5.799213971880313,0.2692359330515944,0.023757353584087586,239,1.0,0.008,good
1784885693710166256,5.825100145508012,0.26926672623487663,0.022145055476875376,237,1.0,0.00696,good
1784885693830152410,5.848675369256544,0.27112033943541214,0.011993656261991397,239,0.9958,0.00825,good
1784885693950243938,5.873696276346396,0.2732156724581942,0.013538093220589478,238,0.9958,0.00824,good
1784885694070169237,5.897444322696076,0.27441677947164655,0.013337898815782767,241,1.0,0.00523,good
1784885694190158775,5.9192412357982755,0.2739159625496844,0.012024739603009192,240,0.9958,0.00907,good
1784885694310171383,5.944706130718893,0.27454635035616054,0.015415262758925567,235,1.0,0.00659,good
1784885694440180947,5.9706906226514125,0.2735395052438285,0.015823057599099657,237,1.0,0.01152,good
1784885694560148895,5.994529069945875,0.27463435645215506,0.018437704784696193,236,1.0,0.01041,good
1784885694680159522,6.0192482607350115,0.27483445434528503,0.02177693505221327,244,0.9959,0.00784,good
1784885694800156651,6.041303043854129,0.2751759667962447,0.01642405399903883,247,1.0,0.00794,good
1784885694930156272,6.0649387501120255,0.2768606671935059,0.01379721009414852,251,1.0,0.00884,good
1784885695040155968,6.086825893887338,0.27702652350102996,0.014741170053982658,252,1.0,0.00559,good
1784885695170165916,6.112039194441491,0.27714722070684844,0.016641154498783475,240,0.9958,0.0048,good
1784885695290173854,6.1347034118280455,0.27825305274931217,0.015094063147690014,240,1.0,0.00408,good
1784885695410243264,6.1582780164308035,0.2778660748553614,0.019434725964683097,236,1.0,0.00635,good
1784885695530149697,6.180751096152077,0.2794694729363872,0.018267706331072005,242,1.0,0.00642,good
1784885695660167552,6.209450906598895,0.2801756317156592,0.021369848020317196,246,1.0,0.01037,good
1784885695780210003,6.233744844228491,0.28119239161759446,0.017158324271191183,246,1.0,0.00797,good
1784885695900153505,6.256846684456258,0.28184258320515226,0.02130497192180982,250,1.0,0.00796,good
1784885696030216246,6.280353320943579,0.28302392623926853,0.01793213449317231,244,1.0,0.01107,good
1784885696150155094,6.30631119665849,0.2847644817144979,0.017315141034545147,244,1.0,0.00742,good
1784885696270167748,6.329441467805704,0.28403203433536967,0.020321406379100657,242,1.0,0.00581,good
1784885696390151202,6.352276277724866,0.2842606383880919,0.021814594844793984,245,1.0,0.00682,good
1784885696520156536,6.379147397748852,0.2859755246402264,0.02607096529861312,245,1.0,0.00854,good
1784885696640187243,6.403670210777018,0.28777295092293764,0.024413496100164515,243,1.0,0.0096,good
1784885696760155513,6.431563394439395,0.28827036958995833,0.027923353676764105,241,1.0,0.0075,good
1784885696880157409,6.453918003197174,0.2905082579013426,0.02950966835991132,237,0.9958,0.00455,good
1784885697010177427,6.480771430155686,0.29015464733254165,0.025730597332207897,235,1.0,0.00603,good
1784885697130149672,6.5045852554565835,0.2922570594247694,0.028256604445855704,241,1.0,0.01066,good
1784885697250176485,6.530263211775372,0.29313477596389187,0.023818413667369358,240,0.9958,0.00877,good
1784885697370166839,6.554396608357545,0.2928257040023732,0.02497525820104103,236,1.0,0.00846,good
1784885697500156208,6.580232787401357,0.29295976468887697,0.02775502990868538,236,0.9958,0.00956,good
1784885697620156950,6.606415654654564,0.2939189620271514,0.02488571266748965,236,1.0,0.00862,good
1784885697740248253,6.628185481490418,0.2933336427874701,0.024860282348626642,236,1.0,0.00927,good
1784885697860157378,6.65279889768359,0.29168128814152106,0.025599042710954378,228,0.9956,0.00864,good
1784885697980156657,6.675656526126422,0.29274119476497035,0.02237634469558491,236,1.0,0.00923,good
1784885698100147947,6.695254271685243,0.29505310998271284,0.009465547137112732,231,0.9957,0.01213,good
1784885698230200839,6.723036649832737,0.29516577645929104,0.006702522549812442,235,1.0,0.01139,good
1784885698350156155,6.743451430493576,0.2941153014677981,0.01281441963982322,237,1.0,0.0102,good
1784885698470169092,6.767736036930152,0.29542877985856736,0.011702027307352954,244,0.9918,0.01002,good
1784885698590156293,6.791847179829811,0.2949561180438028,0.01816770497328784,246,1.0,0.00909,good
1784885698710216502,6.815032150086624,0.2975784018699828,0.0172228176090356,243,0.9959,0.0115,good
1784885698830144581,6.841057961084593,0.29879885483460106,0.016893623520360095,242,1.0,0.0101,good
1784885698960156922,6.867589019427422,0.2999094245439595,0.01086620640365309,246,1.0,0.01246,good
1784885699080160461,6.8947388907133345,0.2976147648153375,0.017454451098043524,248,0.996,0.00684,good
1784885699200155691,6.915962006572832,0.29916584281078634,0.005263783562278655,252,1.0,0.00662,good
1784885699320152624,6.939046712013286,0.29828015210129855,0.015708629921783072,254,1.0,0.00882,good
1784885699440178220,6.963374277233265,0.30123751890854167,0.020663510395296944,247,1.0,0.0089,good
1784885699570203610,6.985159630981218,0.3009092217143998,0.01959837376107798,256,1.0,0.01052,good
1784885699690162956,7.011776115277567,0.3009166040905642,0.02341071566859851,250,1.0,0.01096,good
1784885699810179053,7.036554595201085,0.30257556058673024,0.025478684281893677,245,0.9959,0.00844,good
1784885699930149138,7.060261465618067,0.3032793382643873,0.028537678663473464,234,1.0,0.0067,good
1784885700050309869,7.082172325670284,0.3046407662868576,0.02336357199011023,251,0.996,0.00713,good
1784885700170155760,7.105950475299898,0.3063217346144529,0.017907419645419323,241,0.9959,0.00841,good
1784885700300172589,7.133435331398976,0.3083235577989793,0.016030466007401115,246,1.0,0.01103,good
1784885700410245174,7.155466955249549,0.30835116769644794,0.015837573587313736,245,1.0,0.00644,good
1784885700540157628,7.181887648931249,0.3087700067841512,0.013471916450960901,247,1.0,0.00793,good
1784885700660183403,7.206766206488452,0.3088089808865823,0.019885036219584484,244,1.0,0.00752,good
1784885700780164035,7.229971158765864,0.30842338366788097,0.024472499589748325,236,1.0,0.00677,good
1784885700900151148,7.253849846746509,0.31041269690658624,0.026578973923689027,244,0.9959,0.00908,good
1784885701020163259,7.278893206774225,0.3109724455193389,0.02178124155016698,240,1.0,0.00719,good
1784885701140125645,7.302631287899593,0.31082103114597764,0.01667654000295632,237,1.0,0.00924,good
1784885701260157596,7.325972962510064,0.31226502234527287,0.005805231214791183,242,1.0,0.01111,good
1784885701380161422,7.352430762768458,0.312308503349036,0.012705292235636729,240,1.0,0.009,good
1784885701500217870,7.37738294015359,0.3131401472641047,0.020025580788934884,244,1.0,0.00768,good
1784885701610168870,7.396097672162199,0.3133576627203758,0.026984928267503202,249,1.0,0.00945,good
1784885701730151457,7.421627012130558,0.3146018870029327,0.019946071248247682,246,1.0,0.0081,good
1784885701850172595,7.4435226358050555,0.31453794319041634,0.022454979103369604,242,0.9959,0.00813,good
1784885701970151350,7.466279769803748,0.3125573040505635,0.030964811318234867,244,1.0,0.01142,good
1784885702090151684,7.491318705037671,0.315328610302102,0.021214650060806292,241,1.0,0.00907,good
1784885702210170981,7.512797238980202,0.31600817582530594,0.017140483921558092,245,1.0,0.00934,good
1784885702330204628,7.539486272562911,0.3161812748857215,0.01941786998240418,245,1.0,0.00616,good
1784885702450179116,7.564183123056978,0.3163694325139619,0.022584200954858143,247,1.0,0.00875,good
1784885702570165751,7.585822810439734,0.3165413591048757,0.025037381923052236,245,1.0,0.00555,good
1784885702690328140,7.611182046582774,0.3168638141232542,0.02468328512176097,244,1.0,0.00453,good
1784885702810242118,7.634115347381581,0.3175051762357163,0.03346156109901981,247,1.0,0.00725,good
1784885702930152930,7.659427981092174,0.3203033731352083,0.02764687178092,245,1.0,0.00597,good
1784885703050169564,7.684275433676867,0.3215685642924176,0.03261166470963791,257,1.0,0.00705,good
1784885703170173707,7.704312794441747,0.32312931005429474,0.02675240159441998,255,0.9961,0.00635,good
1784885703290546912,7.731084174910346,0.3257401418743817,0.023268439277884526,246,1.0,0.00906,good
1784885703410183438,7.752530985034247,0.3268039554018861,0.02767674873594785,240,1.0,0.0091,good
1784885703530166250,7.775712520075755,0.3284222339156264,0.02696836006196593,240,0.9958,0.00667,good
1784885703650159821,7.798026894911038,0.3290966379297342,0.02841730316209172,249,1.0,0.00591,good
1784885703770189275,7.818687381133956,0.32996100999624967,0.029439016431760414,253,0.996,0.00579,good
1784885703890207860,7.845345269861409,0.3298051792470675,0.03037481778015438,249,1.0,0.00797,good
1784885704010164121,7.868342318758493,0.3309237979772946,0.03470089985173469,249,1.0,0.01178,good
1784885704130155184,7.892727305720548,0.3352841616529157,0.0318189091569378,249,1.0,0.0106,good
1784885704250250028,7.917745905447587,0.33478087087558045,0.032844622248252964,244,1.0,0.00621,good
1784885704360158544,7.937265907870464,0.33532588742819697,0.024631207609876152,249,1.0,0.00587,good
1784885704490175698,7.965068635109563,0.33375790401105465,0.025632781313305913,242,1.0,0.00995,good
1784885704600156537,7.982947438105983,0.3383820137501755,0.024660062796261976,245,0.9959,0.0074,good
1784885704720263306,7.985134219668624,0.3395334988119934,0.03813156468741078,252,1.0,0.00744,good
1784885704840177397,7.984185901294134,0.3405636617567052,0.03667470814521627,246,1.0,0.00765,good
1784885704960151351,7.986641408890068,0.34018740887301946,0.03139513622763431,249,0.996,0.01033,good
1784885705080164416,7.988347548343206,0.3397375917677443,0.020199427467761946,251,1.0,0.00816,good
1784885705200168339,7.989433955200045,0.3412316987161562,-0.002271079656555635,250,0.996,0.00759,good
1784885705320156263,7.991857408210362,0.34299714975069123,-0.024518454729952156,254,0.9961,0.00503,good
1784885705450188944,7.99182523809488,0.3422651094620265,-0.05371390368582625,251,0.996,0.00528,good
1784885705560147073,7.99180615880581,0.3410341911531314,-0.07738348005681325,255,1.0,0.00798,good
1784885705690161219,7.994426888691072,0.34036696981498016,-0.09436556447165194,248,1.0,0.00689,good
1784885705800168193,7.994154762682272,0.3414383892225117,-0.1228044900613115,252,1.0,0.00606,good
1784885705930162786,7.994725758079441,0.3408776517163955,-0.13994654089760805,252,1.0,0.00602,good
1784885706050168842,7.99562064223381,0.3415557055112961,-0.16518369786682474,248,1.0,0.00605,good
1784885706170258966,7.997235248350328,0.340786534720771,-0.18881555358896546,252,1.0,0.00802,good
1784885706290126434,7.998286222934159,0.34061635209675,-0.2099649938053548,250,0.996,0.00761,good
1784885706410173286,7.99923201558389,0.3404077720123173,-0.2333444248535666,249,0.996,0.00738,good
1784885706530148444,8.002341180534408,0.3392487425789019,-0.24506619584505432,250,1.0,0.00895,good
1784885706650171151,8.003374547160805,0.33793415984088715,-0.2823875492057141,253,1.0,0.00772,good
1784885706770179175,8.004096109356501,0.33834538815083065,-0.33798718785946247,251,0.996,0.00658,good
1784885706890108616,8.003845183019845,0.3391414821589952,-0.38779844576666733,251,1.0,0.00548,good
1784885707010197533,8.004351581946334,0.3417869342339613,-0.44878764544519345,252,1.0,0.0079,good
1784885707140199011,8.00304980594243,0.3421469424319096,-0.5032668114246043,253,1.0,0.00836,good
1784885707250235289,8.0059878565994,0.34214098285485917,-0.5612056126643559,248,1.0,0.0081,good
1784885707380174669,8.005140359324663,0.3423788472079272,-0.6285259290352536,255,1.0,0.00659,good
1784885707500181605,8.003580923349608,0.3420837699047339,-0.6860060769952909,247,1.0,0.00681,good
1784885707620171292,8.00566684864963,0.3408340072476835,-0.7380858361469121,256,0.9922,0.00877,good
1784885707740196258,8.006542265216796,0.34204918516392585,-0.8093505957765859,253,0.996,0.0071,good
1784885707860155110,8.007121075443457,0.3420805953203553,-0.8610453752343651,255,0.9961,0.00557,good
1784885707990163167,8.007612222533364,0.34094879725016886,-0.9190162060412151,252,1.0,0.00783,good
1784885708110186850,8.00516501817258,0.34032695263741597,-0.9778914091123436,259,0.9961,0.00932,good
1784885708230158434,8.003083572489745,0.34061773841823817,-1.0336954768471047,251,1.0,0.00749,good
1784885708350189298,8.002412921979369,0.34067921364329623,-1.0957907844584118,248,0.996,0.00591,good
1784885708470204385,8.003092031724698,0.3409630332861999,-1.153785803347214,250,1.0,0.00671,good
1784885708600186184,8.001569850272231,0.3393766742537147,-1.2158292272847175,254,0.9882,0.01056,good
1784885708720167227,7.998139783656565,0.33915957017142895,-1.2746423675963685,249,0.996,0.00787,good
1784885708840170644,7.993745950469749,0.33965494898608317,-1.3316860536151323,249,1.0,0.00878,good
1784885708970167662,7.9907571270316335,0.3407603070355968,-1.399693954658734,248,1.0,0.01207,good
1784885709080180440,7.987542548484573,0.3455840341808375,-1.4306783488494101,249,0.996,0.01307,good
1784885709210192597,7.984206866250989,0.34669702693323656,-1.443596243633522,248,1.0,0.00852,good
1784885709320159253,7.983017349074939,0.3462770832024747,-1.4513718012872854,249,1.0,0.00722,good
1784885709450171596,7.981036561174995,0.3448859201232959,-1.4554297308015787,251,1.0,0.008,good
1784885709570226838,7.9819588466214055,0.34411708377530337,-1.4659470532925032,246,1.0,0.0085,good
1784885709690178984,7.984500064303034,0.32245375019478584,-1.463178375901274,246,1.0,0.00555,good
1784885709810178972,7.98767335339817,0.30394480222046044,-1.4628541760587201,252,1.0,0.00769,good
1784885709930185406,7.99133602582131,0.2831852652685157,-1.4617258660014407,255,1.0,0.01173,good
1784885710060163774,7.997965818254096,0.2583781794536242,-1.4583288548302586,253,1.0,0.0111,good
1784885710170162386,8.001472623168313,0.23985969813625221,-1.459337696797035,249,1.0,0.00435,good
1784885710300205785,8.006472422657573,0.2133631907746258,-1.461740050695017,250,0.996,0.00538,good
1784885710420166762,8.011781445965182,0.19353871681197393,-1.4682651611998905,253,1.0,0.0072,good
1784885710540149771,8.015697763697498,0.16960453754486537,-1.464413636326124,251,1.0,0.00742,good
1784885710660215497,8.01988835474687,0.1450288857640778,-1.4635466012505343,250,0.996,0.00787,good
1784885710780166017,8.02262900655803,0.1220749134019528,-1.4595862334424836,247,1.0,0.00672,good
1784885710910183521,8.02497803953672,0.09529783717868731,-1.4595362530788278,250,1.0,0.0057,good
1784885711030188736,8.027822830500392,0.07349138563681304,-1.4634556062914554,249,1.0,0.00771,good
1784885711150177868,8.03151358928123,0.04829135061724264,-1.4613367064007763,257,1.0,0.00506,good
1784885711270166759,8.034389163399974,0.025725438419307113,-1.4587302411520555,251,1.0,0.00592,good
1784885711390216196,8.036800298435004,0.00466143904518368,-1.460750929173776,248,1.0,0.00786,good
1784885711510172863,8.040165060381947,-0.02034578886395809,-1.456904795809462,251,1.0,0.00844,good
1784885711630171096,8.043262986644732,-0.040609973907914904,-1.4536439588614227,253,1.0,0.00717,good
1784885711760175871,8.047275631376179,-0.06667964571341999,-1.4512637586072583,245,1.0,0.00468,good
1784885711880148028,8.050374976750124,-0.09013052044502115,-1.4513606511134394,252,1.0,0.00428,good
1784885712000173042,8.050555909721115,-0.11353499153835757,-1.4476510409037655,254,1.0,0.0038,good
1784885712120183272,8.054153109932072,-0.1356652131246855,-1.4473019347596794,257,1.0,0.00619,good
1784885712240151822,8.05602658190733,-0.15747087442005936,-1.4474309334651967,260,1.0,0.00531,good
1784885712360208280,8.057175109948751,-0.18137943708058427,-1.4514063535517612,255,1.0,0.00459,good
1784885712480155365,8.060111810279505,-0.2047784300534033,-1.4527461680457239,261,1.0,0.0054,good
1784885712600157006,8.064371498553388,-0.2272678774750881,-1.4514413430386668,259,1.0,0.00529,good
1784885712730175309,8.06809999302696,-0.25322339408306443,-1.4523595365101432,259,1.0,0.00511,good
1784885712840157132,8.069985031411903,-0.2742005201451476,-1.452307796170714,255,1.0,0.00655,good
1784885712970322078,8.072372075426347,-0.3003657971918594,-1.4529610948520455,255,1.0,0.00628,good
1784885713080161514,8.074750174818517,-0.32242053444805313,-1.4542739634690958,258,1.0,0.00419,good
1784885713210188387,8.0777967044197,-0.34772294997015857,-1.449819480856123,253,0.996,0.00681,good
1784885713320171951,8.080556160127196,-0.37032250168800795,-1.454909617516828,252,0.996,0.00795,good
1784885713450163975,8.083308075520762,-0.3949055476355101,-1.4595423282540578,251,0.996,0.00518,good
1784885713570268070,8.085569966664067,-0.41870393212672635,-1.457834509668512,247,1.0,0.00493,good
1784885713690193796,8.088947297066731,-0.44217174674464094,-1.4606252373664845,247,1.0,0.00668,good
1784885713810154724,8.09342813433982,-0.4656686028353134,-1.4591594270994983,246,1.0,0.00731,good
1784885713930185202,8.097420322709485,-0.48854256108851823,-1.462559057590073,242,1.0,0.00625,good
1784885714050221105,8.101013690386024,-0.5124268536961469,-1.4598820679924973,238,1.0,0.00834,good
1784885714170198649,8.105238295705862,-0.5370689915142004,-1.4569489299482454,239,1.0,0.00983,good
1784885714290176156,8.10940093742847,-0.5579691054517113,-1.459137318133427,236,0.9958,0.00352,good
1784885714410155111,8.114487396137845,-0.5824728366981917,-1.465156396661644,236,1.0,0.00687,good
1784885714530177302,8.119236029962693,-0.6065050596670181,-1.468377635265778,237,1.0,0.00678,good
1784885714660259703,8.122631085069443,-0.6305232809214585,-1.46719512853714,242,1.0,0.00733,good
1784885714770173398,8.126213218989106,-0.6528322669558657,-1.4629951853044634,242,1.0,0.00673,good
1784885714900167176,8.130556072980466,-0.6766234359642176,-1.4706287033359644,238,0.9958,0.00751,good
1784885715010175884,8.132119773660689,-0.7004044018514326,-1.4654699144951484,233,0.9957,0.00576,good
1784885715140160698,8.13373865696952,-0.7248804318120711,-1.4668064063120196,241,1.0,0.00489,good
1784885715250160958,8.139040696181054,-0.7448085309143396,-1.4706030663554759,239,1.0,0.00693,good
1784885715380157595,8.14177429836757,-0.7704721773904131,-1.4748046356431923,241,0.9959,0.00992,good
1784885715500177139,8.14264458935764,-0.7940041333016133,-1.4776309157527865,247,1.0,0.00406,good
1784885715620160933,8.143155648187921,-0.8185312972731159,-1.476530867585852,244,1.0,0.00435,good
1784885715740259455,8.144530013931211,-0.8429467338631266,-1.4785650557233483,241,1.0,0.00706,good
1784885715860167240,8.146871302358527,-0.8663772911439778,-1.475812335232263,246,1.0,0.00475,good
1784885715990184351,8.148467466486748,-0.8913954754057903,-1.4746676679228055,248,1.0,0.00676,good
1784885716110166402,8.152032021785907,-0.9158973094594546,-1.4736682438763278,243,1.0,0.00455,good
1784885716230184175,8.15387509699016,-0.9403456325193511,-1.4709386766037085,247,1.0,0.0061,good
1784885716350159040,8.155060656822352,-0.9646787162831195,-1.4704141489968316,245,1.0,0.00486,good
1784885716470176331,8.158315527547114,-0.987131941302631,-1.474693575317316,249,1.0,0.00658,good
1784885716600193415,8.160455454693675,-1.012693552877157,-1.4715886047174482,245,1.0,0.00541,good
1784885716720160838,8.162102256001953,-1.0376302650033606,-1.4666174694176288,245,1.0,0.00607,good
1784885716840183733,8.166382010529206,-1.06198733973817,-1.475414750935491,251,1.0,0.00606,good
1784885716960183021,8.169204004195779,-1.0873965496596143,-1.4896327851561064,249,1.0,0.00764,good
1784885717080174472,8.171231650767457,-1.1105757348000107,-1.5117788375998904,248,1.0,0.00448,good
1784885717200177297,8.174861078750999,-1.1363892600807477,-1.5305825824587345,251,1.0,0.00541,good
1784885717330178602,8.1753731904631,-1.1617509119040799,-1.5533842656002363,246,0.9959,0.00617,good
1784885717450222160,8.176825730098184,-1.1855853164645955,-1.5792308332274587,253,1.0,0.00685,good
1784885717570163951,8.17643459603626,-1.2102731283733994,-1.5969424131652772,254,1.0,0.0055,good
1784885717700177893,8.176644727053823,-1.2309614412316074,-1.622319527353457,255,1.0,0.00666,good
1784885717810167652,8.174412715664328,-1.2500729541238633,-1.6411836531454898,253,1.0,0.00575,good
1784885717940183747,8.171324770606029,-1.2721689011219304,-1.6488914220964375,248,1.0,0.00683,good
1784885718060148030,8.16879135256866,-1.2972491699974786,-1.6457679723164245,248,1.0,0.00647,good
1784885718180166389,8.166635120635293,-1.3194715363126472,-1.6534913866199932,244,1.0,0.00664,good
1784885718300192078,8.163516972973483,-1.3411851495864529,-1.656929203550224,235,1.0,0.00582,good
1784885718420104953,8.16238917526732,-1.3649627315346133,-1.6414075171443954,234,1.0,0.00457,good
1784885718550246300,8.160808959308254,-1.3885602867352422,-1.6196498609141075,236,1.0,0.00485,good
1784885718670173258,8.158063899950573,-1.4103180161151734,-1.6065455380525115,232,1.0,0.00573,good
1784885718790163284,8.15678777375818,-1.4351954026837126,-1.5848520005303657,237,1.0,0.00577,good
1784885718910171160,8.15592878602776,-1.458890956235836,-1.557254480587047,235,1.0,0.00758,good
1784885719030168356,8.15509925967729,-1.4840064711033634,-1.5344227894882856,239,0.9958,0.00709,good
1784885719150218939,8.15651860179115,-1.5122213673075424,-1.5149494333624156,244,1.0,0.00739,good
1784885719280159563,8.159703345380157,-1.5401693542390624,-1.510994652925414,241,1.0,0.00576,good
1784885719400249998,8.1636897714252,-1.5644549989873835,-1.5068501687139857,238,1.0,0.00759,good
1784885719520152733,8.16629343090942,-1.5881493951788608,-1.5085370857433982,241,1.0,0.0091,good
1784885719650174860,8.169300098732199,-1.612444531801274,-1.5053798482248582,243,1.0,0.0063,good
1784885719770178820,8.172424142229534,-1.6324102778198368,-1.5166162940472938,240,1.0,0.00879,good
1784885719890163243,8.173685666389808,-1.656596696404426,-1.514407735944511,233,1.0,0.00443,good
1784885720010164141,8.17442311603589,-1.6801168818454881,-1.5117064050170193,236,1.0,0.00896,good
1784885720140163676,8.176353234281397,-1.705452897551816,-1.5187196231114912,237,1.0,0.00573,good
1784885720260157857,8.176371248312096,-1.7260450091822475,-1.5203448604159882,233,1.0,0.00671,good
1784885720380157233,8.178693146772359,-1.7522220530631845,-1.5150725021285136,237,0.9958,0.00674,good
1784885720510188676,8.183071005740956,-1.775230060172173,-1.5218204519556178,238,1.0,0.00897,good
1784885720630161041,8.182899079745418,-1.8006266587343358,-1.5264502120726184,239,0.9916,0.00559,good
1784885720750369468,8.181968041218063,-1.8259724392115095,-1.5343219145478306,245,0.9959,0.01067,good
1784885720870165524,8.183730402059675,-1.8473539030569515,-1.5428871203092251,237,1.0,0.00908,good
1784885721000182349,8.184104495230955,-1.8742972589791407,-1.5453162001220617,239,1.0,0.0058,good
1784885721120182200,8.18464123576573,-1.8962800338096746,-1.5377547490286276,240,1.0,0.00585,good
1784885721240168373,8.188037569901619,-1.9226540996392962,-1.538702049046013,242,1.0,0.00589,good
1784885721370166886,8.188002137454406,-1.9474473031495747,-1.5340801055464683,245,0.9959,0.00677,good
1784885721490183165,8.189917935220127,-1.972307764217585,-1.5316693894914095,246,1.0,0.00564,good
1784885721610172528,8.190398507289348,-1.9966095439679328,-1.5390879594859659,242,1.0,0.0058,good
1784885721730155547,8.190309272493879,-2.016929823282234,-1.5392505217860035,241,1.0,0.00643,good
1784885721860293774,8.19221684444197,-2.0433353440600728,-1.5427129469642316,246,0.9919,0.0106,good
1784885721980191244,8.192769748063464,-2.0644167714155057,-1.546207921640405,242,1.0,0.00916,good
1784885722100184021,8.192164162953427,-2.08933960909005,-1.5446642351958422,246,1.0,0.00814,good
1784885722230182291,8.19104683231058,-2.1176954253187876,-1.5396426818090456,247,1.0,0.0072,good
1784885722350161401,8.19386822217723,-2.1422960110215885,-1.5337279998654423,243,1.0,0.0065,good
1784885722470171336,8.19686783412066,-2.166811881153621,-1.5429729966500245,242,1.0,0.00808,good
1784885722590183980,8.199178916078091,-2.189355929475236,-1.5346059708827877,251,0.996,0.00901,good
1784885722720160549,8.200211949629779,-2.2154514253789923,-1.5395458361725831,254,0.9961,0.00744,good
1784885722850192150,8.20027954174023,-2.23932570154167,-1.5385661770688306,246,1.0,0.0053,good
1784885722970194500,8.201446438254822,-2.2623996258378756,-1.5301654939580585,247,1.0,0.00736,good
1784885723090267330,8.200508207706964,-2.2855679301679035,-1.525921132536843,250,1.0,0.00689,good
1784885723210176368,8.201870288083434,-2.307000417540409,-1.5287906899264363,255,0.9961,0.00721,good
1784885723340159437,8.203864132792923,-2.334637308443624,-1.5260308073435824,248,1.0,0.006,good
1784885723470176798,8.20428234861856,-2.3592946426832184,-1.5284170946937574,248,1.0,0.00618,good
1784885723590187321,8.205406514126715,-2.3820135752162543,-1.527223757283579,249,0.996,0.00812,good
1784885723720176659,8.206344951966411,-2.408623764818908,-1.532247241080207,256,0.9961,0.00543,good
1784885723840185476,8.209330330824159,-2.434539499646301,-1.5280154745003407,246,1.0,0.00582,good
1784885723970176742,8.209801732070128,-2.459142427336407,-1.5219117079996527,249,0.996,0.00855,good
1784885724090172301,8.2116547610619,-2.4816858769572763,-1.5201965855193416,253,0.996,0.00818,good
1784885724210166784,8.213138744131015,-2.506247823344811,-1.518970977543243,257,1.0,0.01109,good
1784885724340189253,8.214547535056955,-2.5297247645793917,-1.5219432126588166,251,1.0,0.00797,good
1784885724460164024,8.21694341575899,-2.5534838095052987,-1.5230016889049445,256,1.0,0.00533,good
1784885724590171731,8.21593359138563,-2.579268024291143,-1.5139299642885025,255,1.0,0.00517,good
1784885724710186095,8.217402160570387,-2.6026718112165415,-1.515257955056028,258,1.0,0.00689,good
1784885724830169007,8.219374273298765,-2.627118198663405,-1.5135085788843152,251,1.0,0.00557,good
1784885724960182240,8.220918947709638,-2.651110157924471,-1.517432196268743,259,1.0,0.01093,good
1784885725080180488,8.22323381429224,-2.6724727690984325,-1.520467801554393,247,0.996,0.0052,good
1784885725210157031,8.224658697285177,-2.698886257481377,-1.5190108317830435,255,1.0,0.00458,good
1784885725330204190,8.228563675808454,-2.7220279232857942,-1.5137020997202244,255,0.9922,0.00648,good
1784885725450147783,8.229816541690756,-2.7457231442544185,-1.5150927067277542,248,1.0,0.00527,good
1784885725570171335,8.236465557829858,-2.767263356131902,-1.5114287638599606,254,1.0,0.00701,good
1784885725700169352,8.239334414270056,-2.776290201052466,-1.514858223687895,252,1.0,0.009,good
1784885725830180887,8.240711016853098,-2.778595201726387,-1.5109989042230967,244,0.9959,0.00407,good
1784885725950168002,8.242896271736086,-2.7774727206677223,-1.5185883757612935,254,1.0,0.00819,good
1784885726070170230,8.24271609001286,-2.7814403924529327,-1.5073960446568047,257,0.9961,0.00774,good
1784885726190249985,8.244226134007597,-2.7872495136630207,-1.5129188207335451,251,1.0,0.01084,good
1784885726320163270,8.243673172930517,-2.7933475996837265,-1.517346946908888,254,0.9961,0.01041,good
1784885726440192590,8.244753853685046,-2.7947595863438166,-1.5366440756185542,256,1.0,0.0091,good
1784885726570175112,8.247550725864006,-2.797712465504519,-1.5501885210237443,251,0.996,0.00951,good
1784885726690156741,8.250091565782096,-2.79828863745615,-1.5853311233202938,256,1.0,0.01189,good
1784885726820160328,8.2507876885594,-2.7974447201984574,-1.621840997716092,255,1.0,0.00897,good
1784885726940176482,8.251977057211331,-2.7980806287231093,-1.6538433851424175,250,0.996,0.00841,good
1784885727060198399,8.2519726681348,-2.796669788016897,-1.696768648344153,252,0.996,0.00879,good
1784885727190179817,8.250712496964361,-2.795961991164094,-1.7350533740894982,246,1.0,0.00583,good
1784885727310161203,8.256218364308948,-2.796966725621594,-1.7720178939021538,247,1.0,0.00799,good
1784885727440154135,8.25727449711864,-2.800815267250691,-1.8056668889591394,251,1.0,0.00967,good
1784885727560155082,8.259363872464917,-2.8021439163971076,-1.8563869522801983,258,1.0,0.00962,good
1784885727690126821,8.259710918206324,-2.8044814131492095,-1.9152949401919674,252,1.0,0.00972,good
1784885727810232489,8.260289470350662,-2.8050071695857755,-1.9711424507418853,257,1.0,0.01058,good
1784885727940161138,8.262193481912494,-2.8059215169429557,-2.035198707067463,247,0.9919,0.00867,good
1784885728060154695,8.263752041512149,-2.807481152920052,-2.087913900691942,243,1.0,0.01075,good
1784885728180164262,8.265469313200288,-2.808440969946905,-2.1451850298862154,251,1.0,0.00983,good
1784885728310165325,8.265508457356727,-2.8082416967956574,-2.211965281075766,246,1.0,0.01001,good
1784885728440237766,8.26245604965663,-2.8065690735548374,-2.2715878004261474,243,0.9918,0.00951,good
1784885728560327984,8.262747352437023,-2.8062201664396667,-2.3307039815524666,244,1.0,0.00808,good
1784885728690191163,8.262564434934948,-2.807772249564566,-2.387382153908615,245,0.9959,0.00605,good
1784885728810169157,8.262052972483888,-2.8086782371510584,-2.4344960544802725,246,0.9919,0.0075,good
1784885728940178822,8.263480091916069,-2.8068683007420367,-2.502509495466489,245,1.0,0.00857,good
1784885729060149354,8.261022471648536,-2.806283332589799,-2.5653174564911434,246,1.0,0.00941,good
1784885729190163115,8.259253404735599,-2.8060090736162615,-2.6218379511767838,241,0.9917,0.00619,good
1784885729310186021,8.260358154345804,-2.8065305736528092,-2.6735260826331975,240,1.0,0.0071,good
1784885729430178708,8.260397012639407,-2.80501358633448,-2.7473352990143005,243,0.9959,0.00713,good
1784885729560403204,8.259858230757176,-2.8066834539156074,-2.8018626500543458,249,1.0,0.00976,good
1784885729680177945,8.26220147796898,-2.8039985325972796,-2.8736474657865063,238,1.0,0.00884,good
1784885729810162062,8.266762344362501,-2.7989420427447738,-2.933038449715757,245,0.9959,0.01671,good
1784885729930172639,8.269529589802309,-2.7917138984189735,-2.9610622645873903,243,0.9918,0.00985,good
1784885730060155496,8.267804368181636,-2.7886739833806513,-2.978695378060524,237,1.0,0.01054,good
1784885730180173887,8.265773652508399,-2.7864474436693936,-2.98714446547824,242,1.0,0.00978,good
1784885730300362569,8.265250505842719,-2.7853506267013057,-2.991101043716957,243,0.9918,0.00533,good
1784885730430187314,8.24558414621483,-2.7875817449046862,-2.984255907084427,240,0.9958,0.00611,good
1784885730550171483,8.222568091102413,-2.790971143855794,-2.985618017858431,249,1.0,0.00578,good
1784885730680151355,8.19298414445015,-2.79716568436414,-2.982658779608994,251,1.0,0.00651,good
1784885730800152320,8.170858563227755,-2.8002867857386025,-2.977448158893436,248,1.0,0.00971,good
1784885730930199300,8.142696435588809,-2.805355024895262,-2.9847880090067753,246,0.9959,0.00916,good
1784885731050183821,8.120347958509463,-2.8083511367271035,-3.0086747301540226,242,1.0,0.00933,good
1784885731170156780,8.09861667385137,-2.8126831889965445,-3.0238634137350062,246,1.0,0.00624,good
1784885731300150747,8.072005665678834,-2.8145123905838187,-3.050575225027775,243,1.0,0.01213,good
1784885731420176575,8.049253824855601,-2.8157896239858093,-3.0685103753946774,243,1.0,0.00988,good
1784885731540170852,8.025303815447023,-2.817644544588186,-3.09370726274836,242,1.0,0.00962,good
1784885731660158196,8.001781216149825,-2.8157969588196545,-3.1183679434217186,245,1.0,0.0094,good
1784885731790170441,7.978642356817361,-2.819079258260267,-3.1377868408912586,234,1.0,0.00978,good
1784885731910167925,7.9554081503712135,-2.8186054730594083,3.1203191298462283,239,1.0,0.00964,good
1784885732030167889,7.930898221368336,-2.81694889613997,3.0949670819431057,229,1.0,0.01097,good
1784885732160168109,7.908464498292713,-2.8152471289023286,3.0629202003782288,231,1.0,0.00575,good
1784885732280163010,7.886265738099648,-2.8126931831392024,3.0480286141170883,234,0.9915,0.00986,good
1784885732400172091,7.865494776295572,-2.810835311946653,3.042114989743097,233,1.0,0.00902,good
1784885732520186251,7.841637491267046,-2.810481931420487,3.041130325153021,235,0.9957,0.00836,good
1784885732640153643,7.816154059254998,-2.809393421268279,3.040157251690902,230,1.0,0.01089,good
1784885732760154846,7.793382269609605,-2.807345774167087,3.0512945138118615,229,0.9956,0.00815,good
1784885732880164094,7.771209873392997,-2.8039542163546223,3.0488573342656755,233,0.9957,0.0057,good
1784885733000180793,7.74815970059057,-2.8025077828464675,3.05109994760823,229,1.0,0.00716,good
1784885733120180252,7.724030838924208,-2.799834614482328,3.043713031968331,232,0.9957,0.00684,good
1784885733230152550,7.702857603030184,-2.7951524828355723,3.0397792875605805,231,1.0,0.00906,good
1784885733350175529,7.679738356422236,-2.7903457592855254,3.0366346288818993,226,1.0,0.00654,good
1784885733470161177,7.655774584524696,-2.7892358819321843,3.0473921313226424,228,0.9912,0.00647,good
1784885733580176774,7.633735777706945,-2.7889296665856453,3.0679645066313657,227,0.9912,0.00808,good
1784885733700170782,7.607187415153462,-2.787407373507897,3.085218586954673,225,1.0,0.00475,good
1784885733820177394,7.583542434981502,-2.7876440055420635,3.099236764900159,222,1.0,0.00571,good
1784885733930223946,7.561611983339722,-2.787972195058803,3.1064579885830526,223,0.991,0.0048,good
1784885734050184792,7.538149394217687,-2.785998602931984,3.096956919953394,225,1.0,0.00883,good
1784885734160158503,7.515628975923042,-2.7870641123077626,3.1081383150837567,224,1.0,0.00819,good
1784885734270200386,7.491646842806956,-2.7858098397902076,3.104851739856244,230,1.0,0.00883,good
1784885734390148796,7.471396608438514,-2.7846011500313894,3.1030566134688993,226,0.9912,0.00513,good
1784885734500174683,7.4487264542717115,-2.7833758140879037,3.1047327401423286,222,1.0,0.00628,good
1784885734620162535,7.42340349898753,-2.7821825041493327,3.102380808802731,224,1.0,0.00699,good
1784885734740164843,7.4018965403257075,-2.782983123027093,3.1053078769335047,223,1.0,0.00837,good
1784885734850182946,7.3808550367730685,-2.784845373537191,3.109987533150825,224,0.9955,0.00738,good
1784885734970150947,7.358782046004822,-2.786767507148477,3.1086980091715137,226,1.0,0.01122,good
1784885735080208938,7.337605006083701,-2.7860746699343246,3.1067501147024092,227,1.0,0.00866,good
1784885735200299912,7.314519881285261,-2.7840129322871765,3.105886731729546,218,1.0,0.00643,good
1784885735310167384,7.2933319934740695,-2.7839562347297075,3.100647043027324,228,1.0,0.01094,good
1784885735420185706,7.2718670782892705,-2.7832401688347552,3.0972051727010794,228,1.0,0.00868,good
1784885735540155484,7.246871838174692,-2.7832073056705546,3.100220757178537,227,1.0,0.00613,good
1784885735650182665,7.222488111960383,-2.782337757865,3.106696744479193,222,1.0,0.00857,good
1784885735760161639,7.200117018777372,-2.7819374286429537,3.1134275576184423,221,1.0,0.00986,good
1784885735880199012,7.176744310923702,-2.7781569247339166,3.1070934753291484,220,0.9955,0.00865,good
1784885735990151908,7.154861413560538,-2.777332959128313,3.1072728448251477,221,0.9955,0.00656,good
1784885736100169789,7.130850172444334,-2.7778370159093946,3.110291920554018,221,0.9955,0.00874,good
1784885736220170091,7.11031281120473,-2.7778333770991965,3.1055446325269243,222,1.0,0.00689,good
1784885736330163273,7.086719606693026,-2.776100410833263,3.1060791973321997,222,1.0,0.00581,good
1784885736440150395,7.067911777884667,-2.776905896048174,3.111074789183478,216,1.0,0.00748,good
1784885736550239804,7.04672203317044,-2.7747422760820784,3.1034624347920934,215,0.9953,0.00874,good
1784885736670162190,7.023110025937681,-2.7711710002572687,3.095735928479401,220,1.0,0.01064,good
1784885736780177779,7.003258064592769,-2.769833572476588,3.0935138014503805,216,1.0,0.00955,good
1784885736900160474,6.9794819049766,-2.769367648212752,3.1026227028523583,218,1.0,0.00932,good
1784885737010153414,6.959655345696332,-2.7675127633498717,3.098121674174138,219,1.0,0.00828,good
1784885737120175147,6.937096237168972,-2.769372537258312,3.103245442203573,214,1.0,0.00507,good
1784885737230174566,6.914734373393726,-2.769345274565807,3.1033972901071136,216,1.0,0.00802,good
1784885737340154173,6.890601720197633,-2.7687706972027084,3.109067935084895,216,1.0,0.00792,good
1784885737460163016,6.8681114943875965,-2.769458017817278,3.1023016381947954,213,1.0,0.00841,good
1784885737570148609,6.8464797118776755,-2.7674303111011946,3.1011562879205514,220,1.0,0.00552,good
1784885737690189088,6.824869595606626,-2.766117973360027,3.0970907980521334,216,1.0,0.00727,good
1784885737800174737,6.80548555141364,-2.7670176527590558,3.107454388670909,215,1.0,0.00762,good
1784885737910154752,6.785807324199241,-2.7656731669309864,3.118338337533031,217,1.0,0.01195,good
1784885738020169038,6.7657487379435555,-2.762884862668513,3.1387502119986723,212,1.0,0.01083,good
1784885738130159683,6.743015682700541,-2.766031830211915,-3.1224160220862256,217,1.0,0.01203,good
1784885738240149235,6.726181375691509,-2.7648517806005666,-3.1126389387940794,213,1.0,0.01248,good
1784885738350178298,6.703606569444201,-2.7664883488790166,-3.0898104507956785,210,1.0,0.00961,good
1784885738460166089,6.683610616518012,-2.7700459353015967,-3.063656105058742,219,1.0,0.00972,good
1784885738580205753,6.6588053505198905,-2.771212859722586,-3.0427675135342835,214,1.0,0.01115,good
1784885738690162094,6.631776232445565,-2.773086515218196,-3.0229909510107285,215,1.0,0.00768,good
1784885738800185875,6.607467908277077,-2.777095949262156,-3.0097550073538692,216,1.0,0.00865,good
1784885738910156969,6.584394116295096,-2.7815146282953274,-3.0026660042829434,215,1.0,0.00684,good
1784885739020155597,6.562971286444489,-2.7846406000901993,-3.0006203782367256,217,0.9954,0.00593,good
1784885739130166441,6.540663462506288,-2.7874068421599425,-3.0033797634653148,211,1.0,0.00837,good
1784885739240148078,6.5179506069269255,-2.790744061038721,-2.998930902298424,219,1.0,0.00774,good
1784885739360180540,6.4937397340813945,-2.7953110170559197,-2.9898321601080116,213,1.0,0.00874,good
1784885739470177410,6.473929420053665,-2.7994866169075734,-2.9851410957397198,218,1.0,0.01104,good
1784885739580162235,6.452356398893447,-2.8039453920759563,-2.9810675771294513,220,0.9909,0.01133,good
1784885739690263829,6.429513137030357,-2.8077822048088072,-2.973391570734855,219,1.0,0.00877,good
1784885739800155327,6.4129864321418815,-2.8100453149899662,-2.9773572826640056,217,0.9954,0.01193,good
1784885739920165236,6.38765382541034,-2.8124181347585133,-2.9854985881203615,222,1.0,0.00884,good
1784885740030166570,6.368634951482425,-2.8153275069986887,-2.985511836994291,216,1.0,0.00961,good
1784885740140181740,6.347079888702834,-2.8192665043646614,-2.9835734314298565,222,1.0,0.00639,good
1784885740250180622,6.326090575378231,-2.8256206587404544,-2.970042598421566,214,1.0,0.00735,good
1784885740360178225,6.305390778139361,-2.8295403944673287,-2.9687641980737554,216,1.0,0.00541,good
1784885740480159632,6.282330205760902,-2.8330490647226507,-2.979806319246173,217,1.0,0.0081,good
1784885740590169948,6.25920902285571,-2.835885728301554,-2.9884584294906085,222,1.0,0.00575,good
1784885740700158044,6.236803343690439,-2.839170835618851,-2.997498903021755,218,1.0,0.0072,good
1784885740820164803,6.212021689959388,-2.8432299085293344,-2.9992911245418927,222,1.0,0.01179,good
1784885740930184477,6.192596948987176,-2.846360187203204,-3.009904555604587,220,1.0,0.01077,good
1784885741040155819,6.170212874351855,-2.849609427558485,-3.0202934198124924,220,1.0,0.00771,good
1784885741150194588,6.147726705021483,-2.8526741109381524,-3.02824721136704,206,1.0,0.00679,good
1784885741270365251,6.128421129301969,-2.854667818068318,-3.038302565933239,214,1.0,0.00766,good
1784885741380158874,6.108051953817136,-2.8567122682766524,-3.0427078881359684,215,1.0,0.01089,good
1784885741490167531,6.088226866109714,-2.859209684925606,-3.0431981817267646,211,1.0,0.00929,good
1784885741600238043,6.0666613605146305,-2.861007328135246,-3.0416914745077177,213,1.0,0.00746,good
1784885741710153304,6.044241393061398,-2.862331950944805,-3.0479868046791725,217,1.0,0.00851,good
1784885741820156586,6.023172010722931,-2.863358115978787,-3.0473244222658162,208,1.0,0.00747,good
1784885741930164854,5.9996541595168615,-2.865212601528824,-3.044360790391399,215,1.0,0.00988,good
1784885742040154924,5.977489965816469,-2.8679626338208433,-3.0418407432003938,206,1.0,0.01017,good
1784885742160247089,5.95357352306626,-2.871638506075652,-3.0369344702596677,212,1.0,0.01077,good
1784885742260175640,5.931580076000511,-2.87230727635159,-3.0408010128127136,206,1.0,0.01179,good
1784885742380158586,5.910377017140908,-2.876062966869803,-3.03511209538148,201,1.0,0.00987,good
1784885742490186214,5.888568268759864,-2.879412703137583,-3.0321647017255513,206,1.0,0.00836,good
1784885742600193644,5.866423280676677,-2.8836370454040052,-3.027214642989458,205,0.9951,0.00751,good
1784885742710158658,5.8459220232705835,-2.884753034539883,-3.0358062129736214,209,1.0,0.00814,good
1784885742820167607,5.823553384369634,-2.8870369151612802,-3.0478711235338043,220,1.0,0.00662,good
1784885742930189195,5.800835925907641,-2.8889003371622954,-3.0542541197012647,210,1.0,0.0076,good
1784885743040154226,5.777642459159567,-2.8904554377825065,-3.0700184733047595,214,1.0,0.00751,good
1784885743150169876,5.755166893135731,-2.8916345996235515,-3.0808044896308773,217,1.0,0.00962,good
1784885743260184450,5.733751599121722,-2.8920554067300324,-3.0884933831771795,207,1.0,0.01005,good
1784885743370145862,5.71264133786756,-2.89323955096379,-3.0986139025541135,209,1.0,0.00901,good
1784885743490175460,5.690763306675613,-2.8927026702822065,-3.1005386267779795,203,1.0,0.00777,good
1784885743600187107,5.6701373132886355,-2.8953547793731103,-3.09660721060924,203,1.0,0.00969,good
1784885743710168921,5.647838888112224,-2.8972254935453097,-3.0997609448295966,211,1.0,0.00768,good
1784885743820179419,5.631142264431687,-2.8965447705741183,-3.1052724616296516,211,1.0,0.00926,good
1784885743930185544,5.606448415646155,-2.8984077028518542,-3.101115011095245,212,1.0,0.00811,good
1784885744040143782,5.582326048483053,-2.8992522762134243,-3.095683643926277,202,1.0,0.00894,good
1784885744150171082,5.5655452997026265,-2.898786672320011,-3.1003451825541086,204,1.0,0.00981,good
1784885744260189154,5.543447420567274,-2.8997574304403937,-3.097345348033473,209,1.0,0.00854,good
1784885744380205570,5.520726840168366,-2.9023673556933303,-3.0992406719502243,212,1.0,0.00826,good
1784885744490175558,5.498449116425646,-2.9049769107901375,-3.08834634634475,199,1.0,0.00709,good
1784885744600172043,5.476765269888875,-2.906925041362024,-3.093102702615353,204,0.9853,0.01094,good
1784885744710152519,5.452246814637753,-2.9103647950428027,-3.0881774045489783,204,0.9902,0.01236,good
1784885744820144705,5.430507994358514,-2.909901227009296,-3.09548127255818,198,0.9949,0.00655,good
1784885744930168763,5.405886542692824,-2.9105223187301785,-3.0926729686534045,200,1.0,0.00816,good
1784885745040158620,5.384375673473546,-2.9116230698701986,-3.093551950460896,205,1.0,0.00986,good
1784885745150156653,5.361508400094965,-2.913351412710947,-3.09177814673054,209,1.0,0.00792,good
1784885745260168897,5.341210592578498,-2.9150491897039656,-3.091875074800986,210,1.0,0.01151,good
1784885745370161185,5.321404418540434,-2.9181672843515742,-3.079502585379704,206,1.0,0.00797,good
1784885745490183752,5.300550600018667,-2.920032417939411,-3.086432168299261,209,0.9904,0.01084,good
1784885745600160920,5.2826071571763675,-2.9196422143629874,-3.0909006169017017,210,0.9952,0.01033,good
1784885745710150948,5.258540149801909,-2.9205971579518932,-3.087795275041317,204,0.9951,0.00877,good
1784885745820163081,5.235681685194275,-2.920781026725973,-3.087132535612871,210,0.9952,0.01096,good
1784885745930150829,5.213032182147481,-2.920841994009818,-3.086522822633492,200,1.0,0.01108,good
1784885746040161761,5.192599931347638,-2.9251881432629783,-3.0914658859554014,211,1.0,0.00925,good
1784885746150165717,5.1705531527963995,-2.9291148234948206,-3.088542535358245,214,1.0,0.01198,good
1784885746270532938,5.146499275153108,-2.932947409353766,-3.0811389996049603,209,1.0,0.01002,good
1784885746380170372,5.124757747557257,-2.934694214899493,-3.0847557457381765,210,1.0,0.00943,good
1784885746490183760,5.102553615126993,-2.936113241369955,-3.0893700176336587,213,1.0,0.00784,good
1784885746600165314,5.079447347773271,-2.938690111390341,-3.0985132844388152,209,1.0,0.00722,good
1784885746710156393,5.058083299555603,-2.940326261997878,-3.111667293072517,212,0.9953,0.00648,good
1784885746830164207,5.039042723120461,-2.9403577758565245,-3.12761479982673,215,0.9953,0.01019,good
1784885746940165680,5.017396278970665,-2.9387715677531507,-3.1310095968434344,210,1.0,0.01102,good
1784885747050150065,4.994416729033763,-2.936652041054802,-3.1348058161891625,216,1.0,0.01097,good
1784885747160188901,4.975556709056721,-2.9406471546541244,-3.130979825723866,211,1.0,0.01118,good
1784885747270177950,4.952823926785028,-2.9404628928145304,-3.1282234011308634,214,0.9953,0.01271,good
1784885747390288528,4.931594801435211,-2.942553233224292,-3.125160975893275,210,1.0,0.0084,good
1784885747500156826,4.908952598872191,-2.942119779552816,-3.1198707264620524,206,1.0,0.00735,good
1784885747610148914,4.884109655832104,-2.940513526593105,-3.119114662526666,206,1.0,0.01183,good
1784885747720178577,4.862891379617056,-2.9423799582228325,-3.1230322858953636,211,0.9905,0.01016,good
1784885747830152544,4.838987028927055,-2.9425362453376174,-3.130292794369984,215,1.0,0.01061,good
1784885747950153729,4.814143489346153,-2.943346395178028,-3.121174990086744,208,1.0,0.01105,good
1784885748060159173,4.792867446900313,-2.943667031698602,-3.120288096836686,211,1.0,0.00983,good
1784885748170154851,4.770967731822485,-2.9458254316168246,-3.1245707263836064,211,1.0,0.01062,good
1784885748280150419,4.746332982364643,-2.9443685532641024,-3.1257412676294165,213,0.9953,0.01205,good
1784885748390143930,4.724567450018023,-2.9446638359608275,-3.1242530588938657,205,0.9951,0.00703,good
1784885748510153363,4.699215065657389,-2.944305922913356,-3.1116967824336217,211,1.0,0.01046,good
1784885748620167181,4.682096756669922,-2.9467664321201323,-3.1149025837244224,212,1.0,0.0114,good
1784885748720163780,4.66280847520642,-2.947197365309911,-3.11487093345546,206,1.0,0.01125,good
1784885748840170175,4.639436812334878,-2.947430204679701,-3.1129295205738785,215,0.9953,0.01315,good
1784885748950188069,4.6170109437364895,-2.947920982177246,-3.1207177588325177,212,1.0,0.01395,good
1784885749060165865,4.592663729602993,-2.9487157228850545,-3.1125897781268597,211,0.9953,0.00839,good
1784885749170191518,4.5706628631255475,-2.9473329558437147,-3.116550902531584,210,0.9952,0.00825,good
1784885749280148561,4.550231304977932,-2.947379660151651,-3.1132824204656764,210,0.9952,0.01059,good
1784885749400166992,4.529065547488587,-2.948744916502692,-3.119568041837553,213,1.0,0.01085,good
1784885749510149030,4.509403348167612,-2.9492552775906025,-3.1180684383430886,209,1.0,0.00944,good
1784885749620201196,4.484750347918957,-2.951491977995135,-3.112629750965174,207,0.9952,0.01164,good
1784885749730161945,4.463007421466687,-2.952602741985672,-3.1050011849137533,201,1.0,0.01028,good
1784885749840199345,4.441368659812188,-2.9521620226972685,-3.1106390218595883,208,0.9952,0.00734,good
1784885749950159482,4.4197819642399345,-2.9549782396174606,-3.112801498386464,214,1.0,0.01402,good
1784885750060191615,4.401953016204695,-2.955557574743469,-3.113251984928512,208,1.0,0.00891,good
1784885750170172769,4.381618082374652,-2.956363022200699,-3.1145261365509733,210,1.0,0.01266,good
1784885750280151497,4.35861279742595,-2.957060872013423,-3.1003004352995998,213,1.0,0.01214,good
1784885750390202427,4.3404945750080905,-2.9583302536956153,-3.10274604865297,207,0.9952,0.00905,good
1784885750510157988,4.316796296768403,-2.9564227719901286,-3.1083193176142103,213,1.0,0.00955,good
1784885750610161531,4.298768562793282,-2.959653867351818,-3.093993878713484,216,0.9954,0.00693,good
1784885750720151857,4.277567347713329,-2.958043984948905,-3.1011236223854723,210,1.0,0.00976,good
1784885750840156350,4.252420166492528,-2.958783322366094,-3.100846016242099,218,0.9954,0.00752,good
1784885750940158911,4.230655671068841,-2.9607479822688405,-3.095533801759096,213,0.9906,0.00632,good
1784885751060189406,4.2062277418785925,-2.963874805812222,-3.093307463556993,213,1.0,0.01059,good
1784885751170152674,4.184478823568293,-2.963854004270839,-3.0993425105995,214,0.9953,0.00944,good
1784885751280149310,4.161943814966176,-2.966505933467166,-3.100788551655867,221,1.0,0.00843,good
1784885751390172069,4.1378348652059,-2.9681477715904503,-3.0949145124513078,213,1.0,0.00829,good
1784885751500165444,4.121520658125626,-2.9711892390719137,-3.0886137323286373,207,0.9952,0.00766,good
1784885751610154057,4.098439362464497,-2.97225257929137,-3.096087752623501,208,1.0,0.01008,good
1784885751720154677,4.076370062857192,-2.9729448256366537,-3.094405502552461,218,0.9954,0.00785,good
1784885751830165023,4.0549161099112085,-2.971382726029038,-3.0961534079583313,216,1.0,0.01143,good
1784885751950161001,4.030850412142607,-2.9714911588987456,-3.091965128520692,215,0.9953,0.01086,good
1784885752060173829,4.008994575016142,-2.974875486063488,-3.0910225985276334,208,0.9952,0.012,good
1784885752170253513,3.984891241733698,-2.9770081454104744,-3.099433790139618,206,1.0,0.01159,good
1784885752280151314,3.9623548821163364,-2.9777904259566257,-3.092464149194038,204,1.0,0.00988,good
1784885752400225528,3.938145781831374,-2.976816462559562,-3.086873481266147,200,0.995,0.00969,good
1784885752510166164,3.917677817891846,-2.9766771641042093,-3.0861243034979515,206,0.9903,0.00876,good
1784885752620176037,3.896893897294907,-2.9755297587116196,-3.087754409721649,201,0.995,0.01286,good
1784885752740152502,3.872149667970121,-2.9752402020708586,-3.0867604228807064,196,1.0,0.01071,good
1784885752850156168,3.8491435293138037,-2.9807598545759633,-3.083643824350525,196,1.0,0.01186,good
1784885752960191479,3.826488642426206,-2.9844605053516675,-3.077723568867431,204,1.0,0.01095,good
1784885753070156554,3.808279783952838,-2.98471869487712,-3.0861318835586906,200,0.99,0.01189,good
1784885753180151810,3.785562792821694,-2.98702416754971,-3.089574382950822,200,0.995,0.00584,good
1784885753290161016,3.766996846157515,-2.989122804113989,-3.0863398492413325,203,0.9852,0.01016,good
1784885753400168796,3.74403787907194,-2.9941570923050875,-3.080724195766575,210,1.0,0.00888,good
1784885753520165655,3.718396228411668,-2.9907223944193295,-3.0898463269736265,205,0.9951,0.01244,good
1784885753630191703,3.699759081043427,-2.99056722631407,-3.0932844653102225,208,1.0,0.00903,good
1784885753740178511,3.675130835851957,-2.9916162280947236,-3.0925021903121737,207,1.0,0.01133,good
1784885753850164744,3.6517034654380023,-2.991660120470098,-3.0882448547822836,202,0.9901,0.00889,good
1784885753960201370,3.631376574439797,-2.9929027618857487,-3.089594548924088,205,0.9951,0.01169,good
1784885754071415644,3.610072010559821,-2.9924390477962537,-3.088781005888198,210,0.9952,0.00975,good
1784885754180191352,3.5867976792410317,-2.9971946681902866,-3.0800203694681514,205,1.0,0.01035,good
1784885754290180630,3.5627162156233214,-3.000099344644039,-3.0785430877213305,197,1.0,0.01202,good
1784885754410178462,3.5384655650119057,-3.0034814207462284,-3.08944657981239,217,0.9954,0.01025,good
1784885754520151436,3.5179978158430347,-3.0067153420947896,-3.0883894051413514,210,1.0,0.01174,good
1784885754630156740,3.4955478741761636,-3.007846228355143,-3.0776736040070007,209,1.0,0.01318,good
1784885754740161933,3.475889107150464,-3.0088421657966973,-3.0768695068416934,210,1.0,0.01188,good
1784885754850163235,3.455595526538227,-3.008227928456125,-3.087634377315372,206,0.9951,0.01069,good
1784885754960159368,3.431633702322441,-3.010703426158562,-3.0836988766959017,212,0.9906,0.0123,good
1784885755070165028,3.4076790754836845,-3.0128657605861164,-3.0819433358005117,216,1.0,0.01225,good
1784885755180149367,3.3857447907621263,-3.0111058149436034,-3.083032785930087,212,0.9953,0.0137,good
1784885755290166368,3.362276176323236,-3.0138148514031533,-3.0949646154000576,212,0.9906,0.00854,good
1784885755400163750,3.3374771985751934,-3.015669297994769,-3.1199342577018463,216,1.0,0.01259,good
1784885755520207489,3.312312118977524,-3.0184720421369717,-3.1370754828913414,216,1.0,0.01328,good
1784885755620162349,3.2927564752638365,-3.0204972803221413,3.130246333387031,215,1.0,0.01327,good
1784885755730162343,3.270453072640289,-3.020273541921654,3.1076728144963557,208,1.0,0.01202,good
1784885755850154040,3.243472337145403,-3.02059043936735,3.082067769211481,219,1.0,0.00876,good
1784885755950174115,3.2220608512966673,-3.016473916890923,3.066944683782634,211,0.9905,0.00888,good
1784885756070175176,3.198088632934393,-3.013923687257255,3.038415791028872,211,1.0,0.00782,good
1784885756180154832,3.1725224843688453,-3.0139035190406305,3.017981377489153,208,1.0,0.00811,good
1784885756280151624,3.157020390085805,-3.013050721699079,2.987861617149559,215,0.9907,0.00837,good
1784885756400164220,3.133265415939634,-3.009784857180754,2.9606651467071683,206,0.9951,0.01223,good
1784885756500176186,3.11506407103415,-3.0046251418997687,2.943900849847853,211,1.0,0.01242,good
1784885756610168643,3.0928257182283767,-3.003683758901024,2.9232552033749966,208,0.9952,0.01416,good
1784885756720159600,3.0719867729712402,-2.9987325286454087,2.9118238916176726,203,1.0,0.01361,good
1784885756830172399,3.0517270148826774,-2.9905088989505666,2.912669636023121,210,1.0,0.01068,good
1784885756950218232,3.0259827171439793,-2.9823233562420293,2.9161259079895614,200,1.0,0.01378,good
1784885757050167602,3.0078712717577116,-2.9781902614936895,2.9188400868756372,205,1.0,0.01319,good
1784885757160199219,3.0043817455126964,-2.976787261755114,2.9132804520132836,201,1.0,0.01331,good
1784885757270260942,3.0013169311148267,-2.975570536754068,2.9191872036147255,206,1.0,0.01321,good
1784885757380145515,3.0026264153398126,-2.9760364547001905,2.9129656949014286,212,1.0,0.01021,good
1784885757500167631,3.0002080306350902,-2.9770608514887567,2.9160302065587733,214,0.9953,0.01008,good
1784885757600186314,3.0001756177561814,-2.9779112417293163,2.912920918151056,210,0.9952,0.00977,good
1784885757710153200,2.9959528282675154,-2.977132663147595,2.926229340065082,211,1.0,0.01464,good
1784885757830173945,2.9965739451074267,-2.9800805684456058,2.903489940816076,217,0.9954,0.01016,good
1784885757940345530,2.994143403675608,-2.9778637315926346,2.8818583328067464,213,1.0,0.01037,good
1784885758040234921,2.994964048827063,-2.977094465624861,2.864735165902246,213,0.9906,0.00988,good
1784885758160192853,2.994329039712518,-2.9762951690614314,2.843498785007437,211,1.0,0.00919,good
1784885758270174988,2.9932386361901617,-2.9774026259310364,2.8193094681117534,211,1.0,0.01178,good
1784885758380221742,2.991706170470346,-2.9791615620394203,2.8050331385651073,211,0.9953,0.01005,good
1784885758490172345,2.9926170255859037,-2.9775055605584035,2.7771354900344494,209,1.0,0.01161,good
1784885758600178545,2.9913664021676216,-2.9770018641851186,2.756540994922377,211,1.0,0.01025,good
1784885758710161069,2.992658630369785,-2.9725849338530392,2.729904554286631,210,1.0,0.0139,good
1784885758820171308,2.9915599425781716,-2.971201081049766,2.7079198783909195,202,1.0,0.01344,good
1784885758940158863,2.9877130931944893,-2.970721843671437,2.6831611218370055,218,0.9954,0.01118,good
1784885759050151596,2.98989702500723,-2.970805286941298,2.6649106895197714,205,1.0,0.01033,good
1784885759160179753,2.9892710919360894,-2.965270973394325,2.650002242730436,209,1.0,0.01355,good
1784885759270183474,2.9872293279169866,-2.9685398094395796,2.623562103098227,215,1.0,0.01422,good
1784885759380157812,2.9878647321285374,-2.966181701602141,2.59982505645343,210,1.0,0.01271,good
1784885759500174619,2.9878209557240707,-2.964278405652579,2.5783003578281716,214,0.9953,0.01426,good
1784885759600169756,2.989928230982826,-2.9639694709927253,2.5583416823146545,209,1.0,0.01094,good
1784885759710208714,2.9876206139313295,-2.9659754451051636,2.5374539084498284,203,1.0,0.01351,good
1784885759830247882,2.986907025330983,-2.9605742438243614,2.5139426558537306,209,0.9952,0.01158,good
1784885759930172397,2.9866720620338842,-2.9603636311950097,2.491358173846696,205,1.0,0.01056,good
1784885760040150743,2.9859407964222697,-2.9617747051865564,2.466772048492685,213,1.0,0.01088,good
1784885760160185393,2.9845031964562394,-2.9579402258924326,2.4509709739119554,205,0.9951,0.01259,good
1784885760270184132,2.979983082253747,-2.959561804681757,2.429142783994848,208,0.9952,0.01237,good
1784885760380155509,2.9788730395104386,-2.9606480928542833,2.4124033908134987,199,0.995,0.01239,good
1784885760490166587,2.9823555937676365,-2.9583435825230766,2.3874584226559343,207,1.0,0.01306,good
1784885760600189058,2.9815691639915696,-2.953639098737912,2.3630443663106124,202,0.995,0.01447,good
1784885760710173273,2.9816020505229006,-2.950709099106673,2.3408898268107086,198,0.9899,0.01092,good
1784885760820159063,2.980827942532778,-2.953321947251115,2.32586095443486,201,0.99,0.01131,good
1784885760930175087,2.9792458539920332,-2.953359600877051,2.2986415129821696,202,0.995,0.01348,good
1784885761040156435,2.9807614796391926,-2.954427550333218,2.2790190847509426,204,0.9902,0.01043,good
1784885761150150096,2.981144942553613,-2.955150703639743,2.256547246451477,198,0.9949,0.01273,good
1784885761260232199,2.981796860282668,-2.9542093719794233,2.2282654794114465,193,0.9948,0.01123,good
1784885761370158277,2.980334997347835,-2.9524531933627975,2.2136332002320858,194,1.0,0.01568,good
1784885761480156384,2.9824819798581004,-2.953136690798224,2.1927406252535975,209,1.0,0.012,good
1784885761590150212,2.9819676998951268,-2.9525471553529985,2.1656614948891524,202,1.0,0.01245,good
1784885761700158526,2.982249213021377,-2.95325129909053,2.1472481063050717,200,0.995,0.01165,good
1784885761810273031,2.9845321043067035,-2.950838623975121,2.1282044679311105,201,1.0,0.01408,good
1784885761920220600,2.984396135541357,-2.952198968874618,2.104803069589853,203,1.0,0.012,good
1784885762030177794,2.986057405665883,-2.9528306936952053,2.0798801539499467,206,1.0,0.01541,good
1784885762140155104,2.986209177351592,-2.9532619585738535,2.0557391082490146,196,1.0,0.0128,good
1784885762250153033,2.9856224445426545,-2.95251744485447,2.0420391051465168,203,0.9951,0.01198,good
1784885762370318104,2.985968212248377,-2.951154887390468,2.021134268251808,198,0.9949,0.01315,good
1784885762480168328,2.9861370709519823,-2.951103852282859,2.0010143939378326,204,1.0,0.01396,good
1784885762590163219,2.9871576976568663,-2.950270053877013,1.9746603930281277,203,0.9951,0.01147,good
1784885762700251703,2.9890661083128087,-2.9525031721020074,1.9484241024815818,205,1.0,0.01345,good
1784885762810166618,2.9866260051533904,-2.951685485086063,1.9307916364772002,210,0.9905,0.01308,good
1784885762920158082,2.987177923085135,-2.9558438368443434,1.90072505442416,207,0.9903,0.01163,good
1784885763030247185,2.9887304501402734,-2.9571159869279047,1.8985730061058954,198,1.0,0.01009,good
1784885763140165507,2.9898061409555527,-2.9640900556399443,1.88688397607101,203,0.9951,0.01161,good
1784885763260176028,2.9867051328954366,-2.957373050621219,1.8939218592159872,204,1.0,0.01076,good
1784885763367430459,2.9794801859430184,-2.937240123998219,1.8942377615583175,198,0.9899,0.01195,good
1784885763470218457,2.9717894230590014,-2.920265534030112,1.8980573807063268,209,0.9952,0.00923,good
1784885763590160711,2.96277677832632,-2.905804796986345,1.8899779295363193,200,1.0,0.0106,good
1784885763700156414,2.952400658912081,-2.8878856225680916,1.8934646191287634,209,0.9952,0.01022,good
1784885763810162084,2.942503191019921,-2.8704684515746024,1.89187192904922,193,0.9948,0.0105,good
1784885763920153305,2.9350050540887427,-2.8497682416128725,1.89822674839016,198,0.9949,0.00651,good
1784885764030155306,2.9294814629212187,-2.83046531934315,1.8935769608027517,201,1.0,0.00937,good
1784885764150154174,2.921645944441174,-2.8074360833585352,1.8916989933192057,208,1.0,0.01372,good
1784885764260185263,2.917153914994909,-2.7885348563856462,1.8950012315662914,201,1.0,0.00938,good
1784885764370179023,2.912364441194882,-2.766547917766418,1.8952937211338903,200,1.0,0.01388,good
1784885764480150645,2.9038147896471407,-2.7438273712865606,1.8993614058633936,206,0.9951,0.01337,good
1784885764590145998,2.8960843556003533,-2.7233697995942943,1.9008115946133286,201,0.9851,0.00873,good
1784885764710166356,2.8858537297151257,-2.701913586892093,1.8930351208177127,200,0.995,0.01385,good
1784885764810233982,2.878847647310652,-2.685086976925846,1.8955400188480607,207,0.9952,0.00709,good
1784885764930253691,2.8700075664251665,-2.664800591746588,1.8967519184661106,203,0.9901,0.00998,good
1784885765040145641,2.8630680409014544,-2.6442169415798453,1.9041740455143057,202,0.9851,0.01191,good
1784885765150171899,2.8571120043374236,-2.6263031210794163,1.8945977056143388,205,1.0,0.01169,good
1784885765260174592,2.8495803226689915,-2.6070397098361378,1.8962327733892919,206,1.0,0.01458,good
1784885765370153258,2.842890565119434,-2.5859738111678485,1.901650314042863,213,1.0,0.00868,good
1784885765490162525,2.839376616853894,-2.563960445305482,1.9008553174914768,208,1.0,0.0103,good
1784885765590164924,2.831897312227625,-2.5431775917764123,1.9033992062547302,204,0.9951,0.01485,good
1784885765700149925,2.824274659633395,-2.5213081516519593,1.8979771461256754,210,0.9952,0.01021,good
1784885765820166751,2.8145081832617156,-2.5028916924983946,1.891116133050857,212,1.0,0.01368,good
1784885765930165127,2.806508558533324,-2.478943329251864,1.8988129179228086,210,1.0,0.00842,good
1784885766040167209,2.7981754314994287,-2.46140231427506,1.9032559684486297,209,0.9952,0.00842,good
1784885766150150418,2.7954882744570515,-2.4400690409828303,1.905738373775342,221,0.9955,0.01136,good
1784885766260169398,2.78928333875447,-2.41906780947895,1.9066107666120475,218,0.9954,0.00783,good
1784885766370273317,2.7802947068953032,-2.3981817878731237,1.9069435293325034,203,1.0,0.0112,good
1784885766480159564,2.771086161370412,-2.382619879557629,1.8967317874547558,221,1.0,0.00918,good
1784885766590149793,2.7672748315665063,-2.36194229018186,1.8944607112444232,209,1.0,0.01254,good
1784885766710222574,2.7598435866198803,-2.338862853255018,1.900026516411404,217,0.9954,0.01356,good
1784885766820150206,2.7511089228055345,-2.3184769425334077,1.9027007459065433,214,0.9953,0.00942,good
1784885766930155404,2.7438241166868726,-2.2981542443879466,1.897712774276249,216,1.0,0.01137,good
1784885767040165060,2.734388938219567,-2.2789131576396295,1.900407333295152,223,0.9955,0.01224,good
1784885767150149177,2.724473160181793,-2.2619276928807146,1.9016736507618417,219,1.0,0.01027,good
1784885767260191130,2.71987317638586,-2.245181141574163,1.9036945534269372,222,1.0,0.00818,good
1784885767370182045,2.7111577311168027,-2.2237956270164845,1.9023716022889092,217,0.9954,0.00848,good
1784885767490212394,2.704335988901416,-2.2021634189471864,1.9054768738536112,214,1.0,0.01168,good
1784885767600175578,2.695805488445417,-2.182880295719395,1.9026585845057211,214,1.0,0.01161,good
1784885767700198791,2.6924311787211646,-2.1619008702224636,1.9067798252834527,220,1.0,0.01124,good
1784885767820155038,2.6837519669678414,-2.134975625315909,1.8974596779027542,222,0.9865,0.01262,good
1784885767930180763,2.677719026845286,-2.115349777026988,1.8981441806476307,223,1.0,0.01128,good
1784885768040158271,2.670084161299019,-2.090791645946722,1.9046883526885712,224,0.9911,0.0112,good
1784885768150151221,2.659599806193712,-2.072520371971187,1.902742783697197,218,1.0,0.01357,good
1784885768260179054,2.6531643297202065,-2.0507172371664657,1.8917685456342241,221,1.0,0.01376,good
1784885768370174524,2.6467083123016346,-2.0302650993834463,1.8987686057949322,217,0.9908,0.00926,good
1784885768480183757,2.640770152338338,-2.0107922563165346,1.901622693346818,222,0.9955,0.01335,good
1784885768590150068,2.6336830337826855,-1.9897587068559353,1.896892234899384,217,0.9954,0.0079,good
1784885768710175238,2.6257446452665176,-1.9648635818217037,1.8993959618241114,218,0.9954,0.00897,good
1784885768820150385,2.61891105413986,-1.9484107448733994,1.894547474877719,219,0.9909,0.01175,good
1784885768930179885,2.6150354948993737,-1.927378333753568,1.896148338127133,219,0.9909,0.01394,good
1784885769040155714,2.6086497878322463,-1.907908493112372,1.8960046742174061,217,0.9954,0.01191,good
1784885769150166568,2.602246540072877,-1.8890650834056593,1.8985905216852175,225,1.0,0.00967,good
1784885769260179070,2.591948526939731,-1.8694806633566485,1.8946368071867845,220,1.0,0.01499,good
1784885769370186904,2.5866985972616945,-1.8508274964877525,1.897603812976077,216,0.9954,0.01262,good
1784885769490153649,2.581323014308668,-1.8263785586150936,1.9064150852599495,209,1.0,0.00815,good
1784885769590155333,2.5748887523060944,-1.8017174538310596,1.9055616015574313,210,1.0,0.0097,good
1784885769700182563,2.568894291533262,-1.7827241384371777,1.8950000522637664,219,1.0,0.0129,good
1784885769820151698,2.5617088880263927,-1.7588255046538905,1.8752113788053013,215,0.9953,0.01194,good
1784885769930149102,2.5546291980133677,-1.7368981279724185,1.8601050009772504,219,1.0,0.01313,good
1784885770040583201,2.550990029002709,-1.716363301499015,1.8427291966298143,216,0.9954,0.00977,good
1784885770150152734,2.542435819214479,-1.6956192969707065,1.8166664041690084,213,0.9953,0.00735,good
1784885770260160085,2.5380220354276335,-1.6749075220180114,1.799093734780848,207,0.9952,0.01041,good
1784885770370193187,2.534229266686081,-1.651456007993415,1.7791293720591572,217,1.0,0.0089,good
1784885770480153319,2.5306506043191166,-1.6329779087316596,1.7559591237535683,219,1.0,0.01253,good
1784885770590156114,2.528122245153612,-1.6112774109597872,1.7353311968502114,213,1.0,0.01342,good
1784885770700175970,2.520905937763888,-1.5900861112485343,1.7097999848652947,217,0.9954,0.00755,good
1784885770810170706,2.5158271763560354,-1.5715964395170956,1.6949540498422835,219,1.0,0.00943,good
1784885770920163683,2.5116197682354002,-1.5510430934308599,1.7006524256569622,218,1.0,0.00937,good
1784885771030158025,2.5061160460800984,-1.5331678030102465,1.6870962207242421,218,0.9954,0.01385,good
1784885771140192783,2.5039684965623947,-1.5131445877733167,1.6916101597076845,219,1.0,0.0096,good
1784885771250159833,2.500738940164551,-1.4910169758913008,1.6984345362846194,220,1.0,0.01052,good
1784885771360180337,2.4984119711790864,-1.4722395407152205,1.6981979650641288,219,1.0,0.01173,good
1784885771480169249,2.4950111430387527,-1.4506495685838416,1.69772741751748,220,1.0,0.0104,good
1784885771590171616,2.491156111261518,-1.4302278958834733,1.6918157168980328,216,1.0,0.01152,good
1784885771690164247,2.48828563013096,-1.410963307289405,1.6957918368818714,221,1.0,0.00877,good
1784885771810153214,2.4871753004876695,-1.3894386415241946,1.6971970313248603,216,1.0,0.01026,good
1784885771920146449,2.486409740091614,-1.3676196172946764,1.7020226574736885,220,1.0,0.01298,good
1784885772030169759,2.4849970502899694,-1.350800529581014,1.6932626259408734,222,1.0,0.01254,good
1784885772140166342,2.4811230462987854,-1.3271976520062991,1.7035343405213876,218,0.9954,0.01115,good
1784885772250211367,2.4788176473765486,-1.304221017359696,1.6969858195628371,218,0.9908,0.00805,good
1784885772360182321,2.4747802330148607,-1.2827518790866235,1.6948956875011512,215,1.0,0.01011,good
1784885772470184181,2.474080637567593,-1.2595767679023004,1.7061563779199498,216,1.0,0.01318,good
1784885772580165838,2.4697570652541825,-1.238986976865292,1.6966774805229303,219,1.0,0.01221,good
1784885772690165179,2.46588210374443,-1.2170882725454522,1.7017975728744361,226,0.9956,0.00927,good
1784885772800189853,2.462522037718493,-1.195707239363034,1.7007895424929622,216,0.9907,0.00941,good
1784885772920233390,2.459741277166175,-1.1729159499215307,1.6923759533601646,217,1.0,0.01454,good
1784885773020168151,2.4553003337235877,-1.1529995523749121,1.6981899050034859,226,0.9956,0.01224,good
1784885773130168459,2.453028363817408,-1.1296863321346469,1.6956400761649395,221,1.0,0.01013,good
1784885773250152441,2.4494914282533937,-1.1082889930851902,1.7092334987718731,219,1.0,0.01172,good
1784885773350158222,2.4482796090846803,-1.0867168491786576,1.7073259370232912,209,1.0,0.00871,good
1784885773460173381,2.4460555735865297,-1.0644201434929357,1.7123238539133177,217,0.9954,0.01072,good
1784885773580210010,2.443530590878617,-1.0442497300493139,1.7010749439202641,217,1.0,0.00948,good
1784885773690173004,2.4401183807859534,-1.021756813517865,1.7047297527075485,215,0.9953,0.00984,good
1784885773800170571,2.438503930143609,-1.0019081399171326,1.6980569989511987,222,0.9955,0.01206,good
1784885773910155397,2.437868689331039,-0.9780568046273367,1.7022982839747247,216,1.0,0.00987,good
1784885774020149314,2.4358453094195043,-0.9584234966472355,1.6968610540395919,220,1.0,0.0126,good
1784885774130166186,2.433998465570342,-0.9360743177426897,1.7036982888632732,222,1.0,0.01136,good
1784885774240152817,2.431034742151353,-0.9152896426611113,1.7009414045197329,222,0.9955,0.01025,good
1784885774350147782,2.4258378734254755,-0.8937498464602994,1.7036472416961728,223,0.991,0.01185,good
1784885774460188672,2.421822948484253,-0.8747085839877888,1.7067763744998727,219,0.9954,0.00977,good
1784885774570205507,2.4191574127756055,-0.8531719411337388,1.7102724266277127,220,0.9955,0.00827,good
1784885774680166695,2.4163120468617683,-0.8277542658142762,1.706924378284078,224,1.0,0.01045,good
1784885774790149530,2.413851630012872,-0.8057613031365793,1.7086352421219904,224,0.9955,0.00951,good
1784885774900166143,2.410164322807324,-0.7823679821936524,1.7073905650544028,224,1.0,0.00892,good
1784885775010196813,2.404807982397524,-0.7603529590099948,1.6957899010466921,231,0.9957,0.01123,good
1784885775120217850,2.402512409151881,-0.7386982913142559,1.6945675260098183,219,0.9954,0.01219,good
1784885775230160887,2.4013551647098073,-0.7154797616196445,1.709240939688642,226,0.9956,0.01057,good
1784885775340165405,2.399131758500352,-0.6908148399399273,1.7107018749618048,224,0.9955,0.00981,good
1784885775450167979,2.3979168286776207,-0.6662559029673691,1.7085985647118636,223,1.0,0.01068,good
1784885775570169324,2.3937041666384378,-0.6445608901173132,1.6918728327211066,219,1.0,0.01213,good
1784885775680178046,2.3904801522886414,-0.6243105278191512,1.680803275511683,222,0.9955,0.00958,good
1784885775780174719,2.3910108901862683,-0.6068715492928028,1.6697868674199567,220,1.0,0.00995,good
1784885775900251489,2.388992684619495,-0.5795671329865191,1.6632469978764013,219,1.0,0.01073,good
1784885776010146953,2.3874074676347443,-0.5589760650617764,1.6534535586327188,222,1.0,0.01149,good
1784885776120169903,2.3845949667710395,-0.5378882223640956,1.634979575879168,228,1.0,0.00916,good
1784885776230245817,2.3842917857597956,-0.5161486780526554,1.6264444244059615,222,1.0,0.00893,good
1784885776340176044,2.3816499149560415,-0.4897536929956257,1.6264757774184748,223,1.0,0.0099,good
1784885776460179902,2.380058988563369,-0.4632070543822927,1.6135887760324945,229,1.0,0.00816,good
1784885776570191075,2.377523523168672,-0.4416108897288928,1.606469754939415,225,1.0,0.01011,good
1784885776690221563,2.3749210886401175,-0.42282931487138875,1.6033773436953835,224,1.0,0.01149,good
1784885776800167994,2.3761739343542247,-0.40124334695392094,1.6090048953788723,225,0.9956,0.00993,good
1784885776910153370,2.373971268343557,-0.38241025866144385,1.6058136055181536,225,0.9956,0.00883,good
1784885777020160916,2.371829996810181,-0.3590283029140475,1.6094471246619977,225,0.9956,0.00766,good
1784885777130160159,2.3709544864675003,-0.3368447463976895,1.6091095457756046,224,1.0,0.0093,good
1784885777240154717,2.369611880553731,-0.3164333701708368,1.6125939810116734,225,1.0,0.00959,good
1784885777360173984,2.3679672941610983,-0.29175456909451486,1.6083388664677234,226,1.0,0.01173,good
1784885777470170746,2.3664644229451914,-0.27142135023412817,1.61314985977808,227,1.0,0.00759,good
1784885777590177402,2.3639499758869205,-0.24682263775971833,1.618110890720953,226,1.0,0.0117,good
1784885777700189719,2.361651793961954,-0.2257913346961749,1.6131103897105759,226,0.9956,0.01098,good
1784885777810220388,2.361290783587958,-0.20733574634559035,1.615078593248714,221,1.0,0.01148,good
1784885777920171760,2.3593640978596633,-0.18252210822544282,1.617262301664285,227,1.0,0.00962,good
1784885778040151271,2.3565227611161372,-0.15537275957045132,1.6175684109991686,211,1.0,0.01233,good
1784885778150154373,2.356790107404918,-0.13771354454409448,1.6131830979046378,215,1.0,0.00943,good
1784885778260194179,2.3564262454063933,-0.11453389666757235,1.6232236336425532,225,1.0,0.00949,good
1784885778380161083,2.3543768330254182,-0.0956724297485306,1.616381783051484,218,0.9862,0.01023,good
1784885778490147277,2.3547187725530145,-0.07345915049508832,1.6193541799819162,218,0.9908,0.00966,good
1784885778600175583,2.354017381119383,-0.051802399454943096,1.6200746243541337,218,0.9908,0.01021,good
1784885778710167628,2.353638304914123,-0.026766148966259853,1.6259618300308196,219,1.0,0.01178,good
1784885778820147341,2.3545220409605667,-0.0011648640605475755,1.6292317991902083,224,0.9955,0.00863,good
1784885778940241822,2.352364883429031,0.022952978832050976,1.6257998255196366,225,0.9956,0.00969,good
1784885779050152175,2.3503787492734873,0.04103826126056616,1.618685306339865,219,1.0,0.00726,good
1784885779160186443,2.349466547095049,0.06396069933522834,1.6243879217867658,216,1.0,0.01011,good
1784885779280156624,2.3460407927124263,0.08681568231096627,1.6252222561967626,209,1.0,0.01063,good
1784885779390169076,2.344906906419428,0.10705514764229936,1.635028538735135,212,1.0,0.00799,good
1784885779500180695,2.3409781005429333,0.13036787426642396,1.6274320559313973,216,0.9954,0.0109,good
1784885779610148054,2.340120324440611,0.14965475112629345,1.6349295865682774,220,0.9955,0.00734,good
1784885779720175284,2.3382095795188227,0.17169154251828497,1.6327578621592649,212,1.0,0.00993,good
1784885779840152410,2.3341672321072027,0.19623399446148282,1.629302646678718,213,0.9953,0.00785,good
1784885779950166066,2.3331582246134026,0.2180213720798987,1.6345008069498121,217,1.0,0.01353,good
1784885780060160573,2.3330457106603775,0.22545454666600684,1.6335400071262864,218,0.9954,0.00996,good
1784885780170177462,2.3330649785363393,0.23002972989953419,1.6361789471206365,224,1.0,0.00939,good
1784885780280183481,2.3324217795117885,0.23132618438320607,1.6283404569227244,216,0.9954,0.01122,good
1784885780400225709,2.3325172287256324,0.22974385775415462,1.6329669917295802,207,1.0,0.01027,good
1784885780510173595,2.334276852638848,0.23046379468476336,1.6262015307999171,211,0.9953,0.00768,good
1784885780630178544,2.333456134276145,0.23294393276425768,1.631388825963197,217,1.0,0.00962,good
1784885780730238281,2.330818231474642,0.23306764340794783,1.624785745695925,216,0.9954,0.01265,good
1784885780840169816,2.3310695694811114,0.23250118163120137,1.6268915030601951,210,1.0,0.00759,good
1784885780960187154,2.3299936909145362,0.23661535798413438,1.6304122502422251,217,0.9954,0.00971,good
1784885781070161691,2.3292488644383784,0.23813048633960662,1.6330135524810656,220,1.0,0.00926,good
1784885781180163935,2.328267993962704,0.23781775039416153,1.6359133655050526,210,0.9952,0.01176,good
1784885781290179828,2.327989983201419,0.23950017511195237,1.630942329271319,215,0.9907,0.01215,good
1784885781400193962,2.326964353750343,0.24149950311400326,1.6258835039225297,210,1.0,0.00989,good
1784885781520235227,2.3290160641348794,0.23939155082720026,1.6286355483044341,215,1.0,0.0109,good
1784885781630160228,2.3283257107546875,0.23904807399284214,1.6349401096253022,210,0.9952,0.00923,good
1784885781740151398,2.3291783288042995,0.2381256050760539,1.6364739187707402,212,1.0,0.0121,good
1784885781850150809,2.3286992271849196,0.23480336107099042,1.630833473555174,213,1.0,0.01073,good
1784885781960188110,2.3297812805470897,0.23655245614831294,1.6275285914143407,208,1.0,0.01203,good
1784885782070189638,2.330581326908259,0.2357197278675834,1.6282439413546792,219,0.9954,0.01143,good
1784885782180163824,2.3292152002864825,0.2354720135046096,1.6266819957064576,217,0.9908,0.01056,good
1784885782290147437,2.329644247897451,0.2356791827339623,1.6323218809272044,215,1.0,0.00982,good
1784885782410154489,2.3296300190929835,0.23560973765006632,1.635722422558737,210,1.0,0.00986,good
1784885782520153195,2.3281517292048193,0.23685993014558135,1.6352757407863525,211,0.9953,0.00774,good
1784885782630244054,2.3306650771827107,0.238517561823954,1.6283510681322302,212,0.9906,0.01029,good
1784885782740151701,2.3305605063607966,0.2391361118729006,1.6318432042932154,214,1.0,0.00946,good
1784885782850158555,2.329852969917104,0.2431964035480103,1.6344785914553566,208,1.0,0.0067,good
1784885782960248377,2.330992657158632,0.24263033815443846,1.63439510172542,208,1.0,0.00892,good
1784885783070151292,2.3307127568944086,0.24231341644357154,1.6328142600683535,217,1.0,0.01271,good
1784885783190172682,2.3286166747981714,0.24319869096556138,1.639900521581658,220,1.0,0.01231,good
1784885783300251405,2.328715370828867,0.2421905830572034,1.6337202684668484,211,1.0,0.00995,good
1784885783410163268,2.3292703971746045,0.24332991383339955,1.6323758101466963,208,1.0,0.01149,good
1784885783530167416,2.3300162652029375,0.24192642131910502,1.6264712633382266,207,1.0,0.01038,good
1784885783640169672,2.328583773359286,0.23830219950732076,1.6254052695450707,204,0.9902,0.01223,good
1784885783750225468,2.3291352466782658,0.2369567563359472,1.6246558053734887,212,1.0,0.01152,good
1784885783860211446,2.32951073302674,0.23601740510485308,1.6279286775491617,215,0.9907,0.01202,good
1784885783980156165,2.3291087326915196,0.23744203989175636,1.6252934766063325,213,1.0,0.01057,good
1784885784090156988,2.3298525727176758,0.23876255985120584,1.6303143100035176,216,0.9954,0.00931,good
1784885784200185606,2.3293949543643855,0.23906325126935676,1.6325406486434846,214,0.9907,0.00871,good
1784885784310249079,2.3295012634824532,0.2366327402835198,1.6231503768333015,213,1.0,0.01068,good
1784885784420150579,2.332416111458341,0.23801171856705955,1.632109026923341,209,0.9952,0.00951,good
1784885784530163289,2.3306350965577836,0.23804677887805573,1.630585841723062,212,0.9953,0.00972,good
1784885784650152545,2.330143127847574,0.239427867877872,1.6385237447718046,219,0.9954,0.00571,good
1784885784760173534,2.330124176020513,0.2390055441159613,1.6299560709789473,212,1.0,0.00854,good
1784885784870163021,2.3310408274944012,0.23939461186458397,1.6305389687485567,212,1.0,0.01409,good
1784885784980155952,2.328009683082629,0.23963034623722862,1.6278087820101323,219,1.0,0.01122,good
1784885785090193380,2.3294978611732775,0.23669505729536242,1.6232748451813015,221,0.991,0.01013,good
1784885785210182592,2.3299703544813792,0.23696140270965899,1.6203347114800677,215,1.0,0.00988,good
1784885785320173825,2.329616653965875,0.2375589670072785,1.6211166574620866,202,1.0,0.00733,good
1784885785430165818,2.3319592710450117,0.2373986518690367,1.6256026221716653,213,1.0,0.0099,good
1784885785540162311,2.3333756855229058,0.23756056249659985,1.6302921309641436,216,0.9954,0.00933,good
1784885785650165989,2.332271618666442,0.23671534346461007,1.6284711078462213,218,1.0,0.00905,good
1784885785770154627,2.3331199959106765,0.2371281382635365,1.628843229360495,214,0.9953,0.00979,good
1784885785880152824,2.3315305773102937,0.2377708445652241,1.6258686837275402,216,0.9954,0.00946,good
1784885786000236153,2.3324233171453574,0.23988039615035572,1.6285583861108661,218,0.9954,0.01062,good
1784885786110187609,2.3311660509584895,0.23904699523889886,1.6343385663028303,216,1.0,0.01267,good
1784885786220159011,2.3324765194419586,0.23927639253544852,1.631833455108522,212,0.9953,0.00712,good
1784885786330255922,2.331156175851515,0.23843798921886206,1.632137421566296,209,1.0,0.0107,good
1784885786440188357,2.3298021567189395,0.2398865995581207,1.632962240479274,216,0.9954,0.00838,good
1784885786560169779,2.3300694609575165,0.23953690545561357,1.6349891062180746,214,1.0,0.01163,good
1784885786670173832,2.3289041732841596,0.24054743778603802,1.6308577907910788,210,1.0,0.01266,good
1784885786770209588,2.329536663308527,0.23925290564129129,1.6322918783772116,211,1.0,0.01007,good
1784885786890166194,2.330296564584486,0.2399701018570316,1.6331736991632726,215,1.0,0.00986,good
1784885787000163023,2.3319065159862573,0.23881314129509734,1.6263414318343286,215,1.0,0.00837,good
1784885787110325923,2.331065898079211,0.23449145888174802,1.6308250043252095,213,1.0,0.01246,good
1784885787220169297,2.3302406716122577,0.23543557029633835,1.6328686907868832,212,0.9953,0.00676,good
1784885787330168073,2.3316184942483753,0.23647666426154507,1.6322350955648732,213,1.0,0.00935,good
1784885787450207725,2.3304250030302,0.23762908236523106,1.6307551391479171,220,1.0,0.00945,good
1784885787560182480,2.329049906451938,0.23815160601851162,1.6311413327982651,218,1.0,0.00972,good
1784885787670158272,2.3302513246599883,0.23808103473229153,1.6333244147114547,218,1.0,0.01266,good
1784885787780153769,2.331251013075528,0.240302645914187,1.6363905128065943,212,0.9953,0.00848,good
1784885787890162989,2.331576458317888,0.2388965030099658,1.6282491373058676,218,0.9954,0.00989,good
1784885788010184252,2.331445783270911,0.23881624382594543,1.6331773516062988,203,1.0,0.00518,good
1784885788120138969,2.329383129160021,0.23870187363100281,1.625747021566249,210,1.0,0.01007,good
1784885788230175803,2.3286019998447833,0.23913129885998352,1.624228161671777,218,1.0,0.00925,good
1784885788340152836,2.330153679883638,0.2400962334440748,1.6299575780713174,214,0.9953,0.00835,good
1784885788450153741,2.3283946344786757,0.2374205579946446,1.6239678920486835,212,1.0,0.00854,good
1784885788570177596,2.3288821459672246,0.23735036007116117,1.6324672449109772,216,0.9954,0.0086,good
1784885788680259378,2.330660093985012,0.23812002409301064,1.631907134359116,210,1.0,0.01,good
1784885788790153201,2.330176634669304,0.23784393522666486,1.6274435172581792,208,1.0,0.00957,good
1784885788900163922,2.3297924997886676,0.2409779159029925,1.6299855182331007,211,1.0,0.01131,good
1784885789010155270,2.3313378611290734,0.2410740179876163,1.63267942863277,215,1.0,0.00857,good
